date,live,feeder,corn,beef_production,slaughter_count,cattle_weight,storage
3/13/2012,52840,78887.5,33100,2159.5,2753.4,1299,470.808
3/14/2012,52620,78612.5,32937.5,2159.5,2753.4,1299,470.808
3/15/2012,52280,78000,33450,2159.5,2753.4,1299,470.808
3/16/2012,51950,77150,33650,2159.5,2753.4,1299,470.808
3/19/2012,51760,76675,33175,2159.5,2753.4,1299,470.808
3/20/2012,51480,76237.5,32375,2159.5,2753.4,1299,470.808
3/21/2012,51560,76550,32100,2159.5,2753.4,1299,470.808
3/22/2012,51600,76800,32225,2159.5,2753.4,1299,470.808
3/23/2012,51350,76212.5,32325,2159.5,2753.4,1299,470.808
3/26/2012,51460,76275,31887.5,2159.5,2753.4,1299,470.808
3/27/2012,51790,77012.5,31537.5,2159.5,2753.4,1299,470.808
3/28/2012,51400,76487.5,31012.5,2159.5,2753.4,1299,470.808
3/29/2012,50690,75637.5,30200,2159.5,2753.4,1299,470.808
3/30/2012,50240,74412.5,32200,2159.5,2753.4,1299,470.808
4/2/2012,50500,74762.5,32750,1990.6,2569.5,1281,503.17
4/3/2012,50100,74625,32912.5,1990.6,2569.5,1281,503.17
4/4/2012,49380,74337.5,32837.5,1990.6,2569.5,1281,503.17
4/5/2012,49590,74362.5,32912.5,1990.6,2569.5,1281,503.17
4/9/2012,49660,74340,32450,1990.6,2569.5,1281,503.17
4/10/2012,49320,73965,31737.5,1990.6,2569.5,1281,503.17
4/11/2012,49780,74242.5,31800,1990.6,2569.5,1281,503.17
4/12/2012,50550,75760,31875,1990.6,2569.5,1281,503.17
4/13/2012,50040,75762.5,31462.5,1990.6,2569.5,1281,503.17
4/16/2012,50000,75962.5,31162.5,1990.6,2569.5,1281,503.17
4/17/2012,50090,76562.5,30837.5,1990.6,2569.5,1281,503.17
4/18/2012,49580,76012.5,30087.5,1990.6,2569.5,1281,503.17
4/19/2012,49800,76037.5,31050,1990.6,2569.5,1281,503.17
4/20/2012,49840,75950,30625,1990.6,2569.5,1281,503.17
4/23/2012,49780,75425,31125,1990.6,2569.5,1281,503.17
4/24/2012,48580,73925,30912.5,1990.6,2569.5,1281,503.17
4/25/2012,48740,74300,30550,1990.6,2569.5,1281,503.17
4/26/2012,48210,74287.5,31200,1990.6,2569.5,1281,503.17
4/27/2012,48290,74387.5,32650,1990.6,2569.5,1281,503.17
4/30/2012,48460,74912.5,33012.5,1990.6,2569.5,1281,503.17
5/1/2012,48660,75087.5,32987.5,2231.9,2875.6,1280,517.852
5/2/2012,48570,74987.5,32112.5,2231.9,2875.6,1280,517.852
5/3/2012,49580,76312.5,32537.5,2231.9,2875.6,1280,517.852
5/4/2012,49520,76275,33112.5,2231.9,2875.6,1280,517.852
5/7/2012,49926,77055,32800,2231.9,2875.6,1280,517.852
5/8/2012,49968,77167.5,32440,2231.9,2875.6,1280,517.852
5/9/2012,50398,77800,31042.5,2231.9,2875.6,1280,517.852
5/10/2012,50358,78595,29755,2231.9,2875.6,1280,517.852
5/11/2012,50200,78737.5,29050,2231.9,2875.6,1280,517.852
5/14/2012,50300,78600,29150,2231.9,2875.6,1280,517.852
5/15/2012,50450,78837.5,29862.5,2231.9,2875.6,1280,517.852
5/16/2012,50730,79162.5,31000,2231.9,2875.6,1280,517.852
5/17/2012,50980,79962.5,31250,2231.9,2875.6,1280,517.852
5/18/2012,51440,80350,31775,2231.9,2875.6,1280,517.852
5/21/2012,51110,79550,31650,2231.9,2875.6,1280,517.852
5/22/2012,51200,80062.5,29850,2231.9,2875.6,1280,517.852
5/23/2012,50870,79237.5,30175,2231.9,2875.6,1280,517.852
5/24/2012,50980,79425,28925,2231.9,2875.6,1280,517.852
5/25/2012,50720,79250,28925,2231.9,2875.6,1280,517.852
5/29/2012,50800,78787.5,28125,2231.9,2875.6,1280,517.852
5/30/2012,50270,78037.5,27975,2231.9,2875.6,1280,517.852
5/31/2012,50600,78400,27762.5,2231.9,2875.6,1280,517.852
6/1/2012,50920,78687.5,27575,2250.7,2864.1,1290,497.897
6/4/2012,51060,79237.5,28400,2250.7,2864.1,1290,497.897
6/5/2012,50860,79587.5,28375,2250.7,2864.1,1290,497.897
6/6/2012,50930,78975,29312.5,2250.7,2864.1,1290,497.897
6/7/2012,51390,79550,29700,2250.7,2864.1,1290,497.897
6/8/2012,51450,79687.5,29900,2250.7,2864.1,1290,497.897
6/11/2012,51440,80125,29600,2250.7,2864.1,1290,497.897
6/12/2012,51310,80575,29200,2250.7,2864.1,1290,497.897
6/13/2012,50470,79175,29625,2250.7,2864.1,1290,497.897
6/14/2012,49880,78100,30075,2250.7,2864.1,1290,497.897
6/15/2012,49680,78012.5,28975,2250.7,2864.1,1290,497.897
6/18/2012,50030,78062.5,29975,2250.7,2864.1,1290,497.897
6/19/2012,50040,76800,30625,2250.7,2864.1,1290,497.897
6/20/2012,50000,76375,30587.5,2250.7,2864.1,1290,497.897
6/21/2012,49740,76325,29325,2250.7,2864.1,1290,497.897
6/22/2012,49850,76400,29550,2250.7,2864.1,1290,497.897
6/25/2012,49520,74900,31550,2250.7,2864.1,1290,497.897
6/26/2012,49260,73850,32300,2250.7,2864.1,1290,497.897
6/27/2012,49850,74425,32475,2250.7,2864.1,1290,497.897
6/28/2012,50580,75225,32600,2250.7,2864.1,1290,497.897
6/29/2012,50960,75725,33625,2250.7,2864.1,1290,497.897
7/2/2012,50740,74825,34625,2201.4,2792.8,1295,468.732
7/3/2012,50970,73700,35937.5,2201.4,2792.8,1295,468.732
7/5/2012,50860,72975,38400,2201.4,2792.8,1295,468.732
7/6/2012,51140,73262.5,37162.5,2201.4,2792.8,1295,468.732
7/9/2012,51262,72137.5,38330,2201.4,2792.8,1295,468.732
7/10/2012,51258,71675,37200,2201.4,2792.8,1295,468.732
7/11/2012,51118,72112.5,36135,2201.4,2792.8,1295,468.732
7/12/2012,51134,70612.5,36962.5,2201.4,2792.8,1295,468.732
7/13/2012,51380,69500,37025,2201.4,2792.8,1295,468.732
7/16/2012,51310,68000,38837.5,2201.4,2792.8,1295,468.732
7/17/2012,51150,67100,38975,2201.4,2792.8,1295,468.732
7/18/2012,52310,68600,39750,2201.4,2792.8,1295,468.732
7/19/2012,52420,69550,40387.5,2201.4,2792.8,1295,468.732
7/20/2012,51440,68050,41225,2201.4,2792.8,1295,468.732
7/23/2012,51700,67825,40700,2201.4,2792.8,1295,468.732
7/24/2012,51760,68837.5,39500,2201.4,2792.8,1295,468.732
7/25/2012,51700,67337.5,39725,2201.4,2792.8,1295,468.732
7/26/2012,51930,68000,39062.5,2201.4,2792.8,1295,468.732
7/27/2012,52720,68875,39925,2201.4,2792.8,1295,468.732
7/30/2012,52870,69125,41000,2201.4,2792.8,1295,468.732
7/31/2012,52510,69312.5,40325,2201.4,2792.8,1295,468.732
8/1/2012,52220,69887.5,40025,2368.6,2997.7,1300,461.051
8/2/2012,52410,69875,39700,2368.6,2997.7,1300,461.051
8/3/2012,52180,69475,40500,2368.6,2997.7,1300,461.051
8/6/2012,52190,69212.5,40150,2368.6,2997.7,1300,461.051
8/7/2012,52180,69360,39800,2368.6,2997.7,1300,461.051
8/8/2012,52560,69992.5,40537.5,2368.6,2997.7,1300,461.051
8/9/2012,52540,69662.5,40912.5,2368.6,2997.7,1300,461.051
8/10/2012,52400,69837.5,40000,2368.6,2997.7,1300,461.051
8/13/2012,52670,71337.5,39137.5,2368.6,2997.7,1300,461.051
8/14/2012,52720,72500,38987.5,2368.6,2997.7,1300,461.051
8/15/2012,52710,72237.5,39700,2368.6,2997.7,1300,461.051
8/16/2012,52580,71437.5,39887.5,2368.6,2997.7,1300,461.051
8/17/2012,52670,71100,39925,2368.6,2997.7,1300,461.051
8/20/2012,52840,71400,40762.5,2368.6,2997.7,1300,461.051
8/21/2012,52710,70562.5,41562.5,2368.6,2997.7,1300,461.051
8/22/2012,52540,70787.5,41512.5,2368.6,2997.7,1300,461.051
8/23/2012,52900,71737.5,40437.5,2368.6,2997.7,1300,461.051
8/24/2012,52680,71475,40112.5,2368.6,2997.7,1300,461.051
8/27/2012,52420,71325,39725,2368.6,2997.7,1300,461.051
8/28/2012,52500,71800,39475,2368.6,2997.7,1300,461.051
8/29/2012,52900,71850,40512.5,2368.6,2997.7,1300,461.051
8/30/2012,52860,71650,40575,2368.6,2997.7,1300,461.051
8/31/2012,52900,72300,40137.5,2368.6,2997.7,1300,461.051
9/4/2012,53080,72500,40350,2015.5,2542.7,1311,432.777
9/5/2012,53000,72525,39487.5,2015.5,2542.7,1311,432.777
9/6/2012,53090,72312.5,39862.5,2015.5,2542.7,1311,432.777
9/7/2012,53070,72150,39750,2015.5,2542.7,1311,432.777
9/10/2012,53210,72637.5,39072.5,2015.5,2542.7,1311,432.777
9/11/2012,53598,72665,39022.5,2015.5,2542.7,1311,432.777
9/12/2012,54030,73202.5,38505,2015.5,2542.7,1311,432.777
9/13/2012,54236,73310,38717.5,2015.5,2542.7,1311,432.777
9/14/2012,54590,73312.5,39100,2015.5,2542.7,1311,432.777
9/17/2012,54260,73500,37400,2015.5,2542.7,1311,432.777
9/18/2012,54290,73687.5,37000,2015.5,2542.7,1311,432.777
9/19/2012,54450,73500,37825,2015.5,2542.7,1311,432.777
9/20/2012,54240,73362.5,37300,2015.5,2542.7,1311,432.777
9/21/2012,54290,73612.5,37412.5,2015.5,2542.7,1311,432.777
9/24/2012,54170,73700,37237.5,2015.5,2542.7,1311,432.777
9/25/2012,53210,72587.5,37187.5,2015.5,2542.7,1311,432.777
9/26/2012,53080,73050,36237.5,2015.5,2542.7,1311,432.777
9/27/2012,53160,73112.5,35812.5,2015.5,2542.7,1311,432.777
9/28/2012,53010,71900,37812.5,2015.5,2542.7,1311,432.777
10/1/2012,53430,72337.5,37837.5,2344.8,2954.7,1318,424.93
10/2/2012,53560,72687.5,37912.5,2344.8,2954.7,1318,424.93
10/3/2012,53490,72650,37837.5,2344.8,2954.7,1318,424.93
10/4/2012,53340,72237.5,37850,2344.8,2954.7,1318,424.93
10/5/2012,53270,72550,37400,2344.8,2954.7,1318,424.93
10/8/2012,53220,72707.5,37100,2344.8,2954.7,1318,424.93
10/9/2012,53410,72950,37100,2344.8,2954.7,1318,424.93
10/10/2012,53390,73152.5,36837.5,2344.8,2954.7,1318,424.93
10/11/2012,53490,71900,38662.5,2344.8,2954.7,1318,424.93
10/12/2012,53320,72112.5,37637.5,2344.8,2954.7,1318,424.93
10/15/2012,53360,72775,36862.5,2344.8,2954.7,1318,424.93
10/16/2012,53570,73862.5,36912.5,2344.8,2954.7,1318,424.93
10/17/2012,53870,74637.5,37275,2344.8,2954.7,1318,424.93
10/18/2012,54110,74562.5,38037.5,2344.8,2954.7,1318,424.93
10/19/2012,53910,74187.5,38075,2344.8,2954.7,1318,424.93
10/22/2012,53980,73875,38062.5,2344.8,2954.7,1318,424.93
10/23/2012,53900,73525,37800,2344.8,2954.7,1318,424.93
10/24/2012,53930,73587.5,37725,2344.8,2954.7,1318,424.93
10/25/2012,53490,73025,37100,2344.8,2954.7,1318,424.93
10/26/2012,53360,72662.5,36887.5,2344.8,2954.7,1318,424.93
10/29/2012,53370,72962.5,36850,2344.8,2954.7,1318,424.93
10/30/2012,53580,73525,37087.5,2344.8,2954.7,1318,424.93
10/31/2012,53590,73150,37787.5,2344.8,2954.7,1318,424.93
11/1/2012,53370,72325,37550,2207.5,2785,1321,430.34
11/2/2012,53350,72450,36975,2207.5,2785,1321,430.34
11/5/2012,53230,72450,36775,2207.5,2785,1321,430.34
11/6/2012,53310,72425,37050,2207.5,2785,1321,430.34
11/7/2012,52778,72230,37212.5,2207.5,2785,1321,430.34
11/8/2012,52600,72525,37062.5,2207.5,2785,1321,430.34
11/9/2012,52380,72520,36937.5,2207.5,2785,1321,430.34
11/12/2012,52012,72780,35900,2207.5,2785,1321,430.34
11/13/2012,51910,73075,36175,2207.5,2785,1321,430.34
11/14/2012,51650,72437.5,36287.5,2207.5,2785,1321,430.34
11/15/2012,51790,72575,36062.5,2207.5,2785,1321,430.34
11/16/2012,51990,72800,36350,2207.5,2785,1321,430.34
11/19/2012,52070,73000,36937.5,2207.5,2785,1321,430.34
11/20/2012,52310,73025,37162.5,2207.5,2785,1321,430.34
11/21/2012,52670,73687.5,37050,2207.5,2785,1321,430.34
11/23/2012,52910,73937.5,37275,2207.5,2785,1321,430.34
11/26/2012,52770,73675,37362.5,2207.5,2785,1321,430.34
11/27/2012,52770,73462.5,38000,2207.5,2785,1321,430.34
11/28/2012,52550,73037.5,38012.5,2207.5,2785,1321,430.34
11/29/2012,52770,73375,37575,2207.5,2785,1321,430.34
11/30/2012,52310,72812.5,37400,2207.5,2785,1321,430.34
12/3/2012,52560,72800,37450,2020.1,2543,1324,441.759
12/4/2012,52290,72787.5,37325,2020.1,2543,1324,441.759
12/5/2012,52370,73200,37662.5,2020.1,2543,1324,441.759
12/6/2012,52480,74125,37387.5,2020.1,2543,1324,441.759
12/7/2012,52260,74387.5,36682.5,2020.1,2543,1324,441.759
12/10/2012,52080,74887.5,36402.5,2020.1,2543,1324,441.759
12/11/2012,52630,76037.5,36325,2020.1,2543,1324,441.759
12/12/2012,52670,76375,36230,2020.1,2543,1324,441.759
12/13/2012,52580,76562.5,36012.5,2020.1,2543,1324,441.759
12/14/2012,52960,76537.5,36537.5,2020.1,2543,1324,441.759
12/17/2012,53300,77125,36200,2020.1,2543,1324,441.759
12/18/2012,52970,76100,36000,2020.1,2543,1324,441.759
12/19/2012,53220,76737.5,35150,2020.1,2543,1324,441.759
12/20/2012,52930,76137.5,34825,2020.1,2543,1324,441.759
12/21/2012,52970,76075,35100,2020.1,2543,1324,441.759
12/24/2012,52710,75750,35212.5,2020.1,2543,1324,441.759
12/26/2012,52730,76037.5,34662.5,2020.1,2543,1324,441.759
12/27/2012,52570,75637.5,34575,2020.1,2543,1324,441.759
12/28/2012,52770,76012.5,34700,2020.1,2543,1324,441.759
12/31/2012,52300,75700,34912.5,2020.1,2543,1324,441.759
1/2/2013,52480,75600,34537.5,2261.3,2835.9,1328,465.716
1/3/2013,52850,76175,34462.5,2261.3,2835.9,1328,465.716
1/4/2013,52770,76587.5,34012.5,2261.3,2835.9,1328,465.716
1/7/2013,52750,76625,34275,2261.3,2835.9,1328,465.716
1/8/2013,52526,76590,34437.5,2261.3,2835.9,1328,465.716
1/9/2013,52174,76205,34712.5,2261.3,2835.9,1328,465.716
1/10/2013,52126,76047.5,34937.5,2261.3,2835.9,1328,465.716
1/11/2013,51904,75567.5,35437.5,2261.3,2835.9,1328,465.716
1/14/2013,51960,75712.5,36200,2261.3,2835.9,1328,465.716
1/15/2013,51790,75187.5,36525,2261.3,2835.9,1328,465.716
1/16/2013,51100,74112.5,36562.5,2261.3,2835.9,1328,465.716
1/17/2013,50670,72925,36225,2261.3,2835.9,1328,465.716
1/18/2013,50610,73175,36375,2261.3,2835.9,1328,465.716
1/22/2013,50930,73500,36425,2261.3,2835.9,1328,465.716
1/23/2013,51010,73575,36037.5,2261.3,2835.9,1328,465.716
1/24/2013,51100,73975,36212.5,2261.3,2835.9,1328,465.716
1/25/2013,50900,73975,36037.5,2261.3,2835.9,1328,465.716
1/28/2013,51730,74950,36462.5,2261.3,2835.9,1328,465.716
1/29/2013,51630,74412.5,36475,2261.3,2835.9,1328,465.716
1/30/2013,51700,74550,37012.5,2261.3,2835.9,1328,465.716
1/31/2013,51730,74775,37025,2261.3,2835.9,1328,465.716
2/1/2013,51470,74600,36800,1873.4,2358.1,1320,484.61
2/4/2013,51560,74437.5,36712.5,1873.4,2358.1,1320,484.61
2/5/2013,51550,74262.5,36450,1873.4,2358.1,1320,484.61
2/6/2013,51250,73775,36125,1873.4,2358.1,1320,484.61
2/7/2013,51040,73600,35537.5,1873.4,2358.1,1320,484.61
2/8/2013,50590,72500,35450,1873.4,2358.1,1320,484.61
2/11/2013,50570,72400,35112.5,1873.4,2358.1,1320,484.61
2/12/2013,50450,71625,34812.5,1873.4,2358.1,1320,484.61
2/13/2013,50110,70675,34775,1873.4,2358.1,1320,484.61
2/14/2013,50420,71337.5,34737.5,1873.4,2358.1,1320,484.61
2/15/2013,50690,71687.5,34937.5,1873.4,2358.1,1320,484.61
2/19/2013,50640,71587.5,34762.5,1873.4,2358.1,1320,484.61
2/20/2013,50210,70362.5,35025,1873.4,2358.1,1320,484.61
2/21/2013,50060,70350,34537.5,1873.4,2358.1,1320,484.61
2/22/2013,50140,70625,34512.5,1873.4,2358.1,1320,484.61
2/25/2013,50110,70400,34675,1873.4,2358.1,1320,484.61
2/26/2013,50220,70587.5,35250,1873.4,2358.1,1320,484.61
2/27/2013,50220,70725,35475,1873.4,2358.1,1320,484.61
2/28/2013,50300,71000,35975,1873.4,2358.1,1320,484.61
3/1/2013,50290,70775,36212.5,2039.8,2586.9,1313,489.978
3/4/2013,50370,71262.5,36150,2039.8,2586.9,1313,489.978
3/5/2013,50060,70875,36600,2039.8,2586.9,1313,489.978
3/6/2013,49920,70462.5,35400,2039.8,2586.9,1313,489.978
3/7/2013,50430,70452.5,35372.5,2039.8,2586.9,1313,489.978
3/8/2013,50382,69962.5,35827.5,2039.8,2586.9,1313,489.978
3/11/2013,50862,70052.5,36027.5,2039.8,2586.9,1313,489.978
3/12/2013,51414,70760,35980,2039.8,2586.9,1313,489.978
3/13/2013,51540,71362.5,35512.5,2039.8,2586.9,1313,489.978
3/14/2013,51400,70775,35825,2039.8,2586.9,1313,489.978
3/15/2013,50730,69550,35850,2039.8,2586.9,1313,489.978
3/18/2013,50820,69700,36000,2039.8,2586.9,1313,489.978
3/19/2013,50660,69187.5,36425,2039.8,2586.9,1313,489.978
3/20/2013,50930,68825,36625,2039.8,2586.9,1313,489.978
3/21/2013,50960,69150,36650,2039.8,2586.9,1313,489.978
3/22/2013,50770,69025,36312.5,2039.8,2586.9,1313,489.978
3/25/2013,50870,69200,36662.5,2039.8,2586.9,1313,489.978
3/26/2013,50750,69300,36512.5,2039.8,2586.9,1313,489.978
3/27/2013,51260,70200,36762.5,2039.8,2586.9,1313,489.978
3/28/2013,51810,71700,34762.5,2039.8,2586.9,1313,489.978
4/1/2013,51620,72762.5,32112.5,2128.6,2731.1,1296,511.233
4/2/2013,51150,72362.5,32025,2128.6,2731.1,1296,511.233
4/3/2013,51200,72275,32075,2128.6,2731.1,1296,511.233
4/4/2013,50990,71950,31500,2128.6,2731.1,1296,511.233
4/5/2013,50680,71460,31450,2128.6,2731.1,1296,511.233
4/8/2013,50790,71775,31675,2128.6,2731.1,1296,511.233
4/9/2013,50720,71950,32212.5,2128.6,2731.1,1296,511.233
4/10/2013,50010,70980,32450,2128.6,2731.1,1296,511.233
4/11/2013,50100,70887.5,32562.5,2128.6,2731.1,1296,511.233
4/12/2013,50040,70462.5,32925,2128.6,2731.1,1296,511.233
4/15/2013,49630,69900,32337.5,2128.6,2731.1,1296,511.233
4/16/2013,49760,70025,33162.5,2128.6,2731.1,1296,511.233
4/17/2013,50180,70450,33025,2128.6,2731.1,1296,511.233
4/18/2013,50220,70025,32225,2128.6,2731.1,1296,511.233
4/19/2013,50040,69600,32600,2128.6,2731.1,1296,511.233
4/22/2013,49860,69300,32287.5,2128.6,2731.1,1296,511.233
4/23/2013,50020,69800,31925,2128.6,2731.1,1296,511.233
4/24/2013,50550,70550,31975,2128.6,2731.1,1296,511.233
4/25/2013,50790,71100,32262.5,2128.6,2731.1,1296,511.233
4/26/2013,50580,70900,32200,2128.6,2731.1,1296,511.233
4/29/2013,50580,70212.5,34200,2128.6,2731.1,1296,511.233
4/30/2013,50380,69775,34162.5,2128.6,2731.1,1296,511.233
5/1/2013,50610,69750,34087.5,2227.6,2863,1289,510.129
5/2/2013,50800,70300,34875,2227.6,2863,1289,510.129
5/3/2013,50120,69387.5,34975,2227.6,2863,1289,510.129
5/6/2013,49810,69200,33937.5,2227.6,2863,1289,510.129
5/7/2013,49824,69405,33460,2227.6,2863,1289,510.129
5/8/2013,49506,69745,32910,2227.6,2863,1289,510.129
5/9/2013,49872,70942.5,33352.5,2227.6,2863,1289,510.129
5/10/2013,50130,72187.5,32327.5,2227.6,2863,1289,510.129
5/13/2013,50260,73100,32775,2227.6,2863,1289,510.129
5/14/2013,50150,73212.5,32625,2227.6,2863,1289,510.129
5/15/2013,49790,72650,32537.5,2227.6,2863,1289,510.129
5/16/2013,49710,72562.5,32075,2227.6,2863,1289,510.129
5/17/2013,49410,71687.5,32637.5,2227.6,2863,1289,510.129
5/20/2013,49560,72237.5,32475,2227.6,2863,1289,510.129
5/21/2013,50080,73237.5,32000,2227.6,2863,1289,510.129
5/22/2013,49730,72162.5,32925,2227.6,2863,1289,510.129
5/23/2013,49470,71325,33100,2227.6,2863,1289,510.129
5/24/2013,49930,72275,32862.5,2227.6,2863,1289,510.129
5/28/2013,50150,72737.5,33325,2227.6,2863,1289,510.129
5/29/2013,50470,72812.5,33250,2227.6,2863,1289,510.129
5/30/2013,49990,72087.5,32712.5,2227.6,2863,1289,510.129
5/31/2013,50340,72162.5,33100,2227.6,2863,1289,510.129
6/3/2013,49960,72212.5,32787.5,2157,2730.9,1300,482.568
6/4/2013,50230,72787.5,33025,2157,2730.9,1300,482.568
6/5/2013,49860,72300,33037.5,2157,2730.9,1300,482.568
6/6/2013,50120,72325,33162.5,2157,2730.9,1300,482.568
6/7/2013,50010,71812.5,33312.5,2157,2730.9,1300,482.568
6/10/2013,49770,71712.5,32500,2157,2730.9,1300,482.568
6/11/2013,50190,72337.5,32975,2157,2730.9,1300,482.568
6/12/2013,50230,72962.5,32537.5,2157,2730.9,1300,482.568
6/13/2013,50170,72737.5,32175,2157,2730.9,1300,482.568
6/14/2013,49830,71700,32750,2157,2730.9,1300,482.568
6/17/2013,50120,72262.5,33425,2157,2730.9,1300,482.568
6/18/2013,50010,71900,33662.5,2157,2730.9,1300,482.568
6/19/2013,50510,72325,34112.5,2157,2730.9,1300,482.568
6/20/2013,50370,72212.5,33662.5,2157,2730.9,1300,482.568
6/21/2013,50840,73462.5,33087.5,2157,2730.9,1300,482.568
6/24/2013,50680,73837.5,32662.5,2157,2730.9,1300,482.568
6/25/2013,50710,73937.5,32837.5,2157,2730.9,1300,482.568
6/26/2013,50950,74462.5,33225,2157,2730.9,1300,482.568
6/27/2013,51260,74850,33362.5,2157,2730.9,1300,482.568
6/28/2013,51120,74725,33962.5,2157,2730.9,1300,482.568
7/1/2013,51230,75612.5,32775,2294.1,2894.9,1302,481.248
7/2/2013,51090,75450,33637.5,2294.1,2894.9,1302,481.248
7/3/2013,51300,75475,33912.5,2294.1,2894.9,1302,481.248
7/5/2013,51240,75900,34237.5,2294.1,2894.9,1302,481.248
7/8/2013,51468,75800,33002.5,2294.1,2894.9,1302,481.248
7/9/2013,51638,75575,32155,2294.1,2894.9,1302,481.248
7/10/2013,51656,75275,30807.5,2294.1,2894.9,1302,481.248
7/11/2013,51756,75062.5,29597.5,2294.1,2894.9,1302,481.248
7/12/2013,51830,75062.5,27275,2294.1,2894.9,1302,481.248
7/15/2013,52070,76325,26812.5,2294.1,2894.9,1302,481.248
7/16/2013,52070,76275,27262.5,2294.1,2894.9,1302,481.248
7/17/2013,51730,75487.5,26925,2294.1,2894.9,1302,481.248
7/18/2013,52030,76037.5,27050,2294.1,2894.9,1302,481.248
7/19/2013,52050,76125,27200,2294.1,2894.9,1302,481.248
7/22/2013,51980,76462.5,27037.5,2294.1,2894.9,1302,481.248
7/23/2013,51970,76800,26125,2294.1,2894.9,1302,481.248
7/24/2013,51910,76512.5,25412.5,2294.1,2894.9,1302,481.248
7/25/2013,51870,76175,24800,2294.1,2894.9,1302,481.248
7/26/2013,51970,76300,24600,2294.1,2894.9,1302,481.248
7/29/2013,52020,76637.5,24462.5,2294.1,2894.9,1302,481.248
7/30/2013,51940,76625,24775,2294.1,2894.9,1302,481.248
7/31/2013,51980,76712.5,24950,2294.1,2894.9,1302,481.248
8/1/2013,51600,76875,24375,2241.2,2817.3,1310,462.597
8/2/2013,51560,76862.5,23800,2241.2,2817.3,1310,462.597
8/5/2013,51540,76987.5,23462.5,2241.2,2817.3,1310,462.597
8/6/2013,51630,77125,23612.5,2241.2,2817.3,1310,462.597
8/7/2013,51550,76667.5,23412.5,2241.2,2817.3,1310,462.597
8/8/2013,52120,77840,23675,2241.2,2817.3,1310,462.597
8/9/2013,52190,78012.5,23287.5,2241.2,2817.3,1310,462.597
8/12/2013,52370,78150,23600,2241.2,2817.3,1310,462.597
8/13/2013,52530,78850,22762.5,2241.2,2817.3,1310,462.597
8/14/2013,52540,78725,23237.5,2241.2,2817.3,1310,462.597
8/15/2013,52460,78537.5,24075,2241.2,2817.3,1310,462.597
8/16/2013,52700,78837.5,23687.5,2241.2,2817.3,1310,462.597
8/19/2013,52810,78975,24662.5,2241.2,2817.3,1310,462.597
8/20/2013,52800,79125,24187.5,2241.2,2817.3,1310,462.597
8/21/2013,52680,78850,24900,2241.2,2817.3,1310,462.597
8/22/2013,52430,78850,24375,2241.2,2817.3,1310,462.597
8/23/2013,52290,78325,24775,2241.2,2817.3,1310,462.597
8/26/2013,52630,77062.5,25787.5,2241.2,2817.3,1310,462.597
8/27/2013,52480,77637.5,24987.5,2241.2,2817.3,1310,462.597
8/28/2013,52630,77962.5,25212.5,2241.2,2817.3,1310,462.597
8/29/2013,52720,78112.5,24862.5,2241.2,2817.3,1310,462.597
8/30/2013,52660,78462.5,24750,2241.2,2817.3,1310,462.597
9/3/2013,52630,78587.5,24900,2073.8,2608.9,1313,430.236
9/4/2013,52600,78512.5,24700,2073.8,2608.9,1313,430.236
9/5/2013,52400,78375,24475,2073.8,2608.9,1313,430.236
9/6/2013,52400,78287.5,24575,2073.8,2608.9,1313,430.236
9/9/2013,52484,78445,23725,2073.8,2608.9,1313,430.236
9/10/2013,52524,78475,23622.5,2073.8,2608.9,1313,430.236
9/11/2013,52566,78742.5,23770,2073.8,2608.9,1313,430.236
9/12/2013,52706,79142.5,23440,2073.8,2608.9,1313,430.236
9/13/2013,52990,79637.5,22950,2073.8,2608.9,1313,430.236
9/16/2013,52850,79750,22825,2073.8,2608.9,1313,430.236
9/17/2013,52640,78937.5,22700,2073.8,2608.9,1313,430.236
9/18/2013,52710,79150,22812.5,2073.8,2608.9,1313,430.236
9/19/2013,53010,79687.5,22975,2073.8,2608.9,1313,430.236
9/20/2013,53100,80112.5,22550,2073.8,2608.9,1313,430.236
9/23/2013,53320,81050,22662.5,2073.8,2608.9,1313,430.236
9/24/2013,53600,81887.5,22437.5,2073.8,2608.9,1313,430.236
9/25/2013,53580,81462.5,22737.5,2073.8,2608.9,1313,430.236
9/26/2013,53720,82187.5,22837.5,2073.8,2608.9,1313,430.236
9/27/2013,53920,82062.5,22700,2073.8,2608.9,1313,430.236
9/30/2013,53830,82050,22075,2073.8,2608.9,1313,430.236
10/1/2013,53830,82200,21950,2318.2,2904.3,1327,445.159
10/2/2013,53970,82287.5,21950,2318.2,2904.3,1327,445.159
10/3/2013,53920,82050,21962.5,2318.2,2904.3,1327,445.159
10/4/2013,54180,82225,22162.5,2318.2,2904.3,1327,445.159
10/7/2013,54050,82147.5,22462.5,2318.2,2904.3,1327,445.159
10/8/2013,54030,82705,22087.5,2318.2,2904.3,1327,445.159
10/9/2013,53870,82822.5,22175,2318.2,2904.3,1327,445.159
10/10/2013,53980,83762.5,21912.5,2318.2,2904.3,1327,445.159
10/11/2013,54110,84637.5,21662.5,2318.2,2904.3,1327,445.159
10/14/2013,54260,84700,21850,2318.2,2904.3,1327,445.159
10/15/2013,54110,83750,22175,2318.2,2904.3,1327,445.159
10/16/2013,54270,83862.5,22137.5,2318.2,2904.3,1327,445.159
10/17/2013,53850,83450,22150,2318.2,2904.3,1327,445.159
10/18/2013,53910,83425,22075,2318.2,2904.3,1327,445.159
10/21/2013,53910,83200,22200,2318.2,2904.3,1327,445.159
10/22/2013,54200,83925,21912.5,2318.2,2904.3,1327,445.159
10/23/2013,54000,83812.5,22137.5,2318.2,2904.3,1327,445.159
10/24/2013,53970,83475,22012.5,2318.2,2904.3,1327,445.159
10/25/2013,53780,83325,22000,2318.2,2904.3,1327,445.159
10/28/2013,53840,83537.5,21537.5,2318.2,2904.3,1327,445.159
10/29/2013,53820,83375,21600,2318.2,2904.3,1327,445.159
10/30/2013,53580,82475,21512.5,2318.2,2904.3,1327,445.159
10/31/2013,53510,82187.5,21412.5,2318.2,2904.3,1327,445.159
11/1/2013,53380,81750,21362.5,2057.6,2569.1,1339,440.106
11/4/2013,53560,81800,21312.5,2057.6,2569.1,1339,440.106
11/5/2013,53660,82387.5,21250,2057.6,2569.1,1339,440.106
11/6/2013,53690,82425,21062.5,2057.6,2569.1,1339,440.106
11/7/2013,53202,82362.5,21025,2057.6,2569.1,1339,440.106
11/8/2013,52928,82212.5,21337.5,2057.6,2569.1,1339,440.106
11/11/2013,52634,82092.5,21737.5,2057.6,2569.1,1339,440.106
11/12/2013,52096,82145,21612.5,2057.6,2569.1,1339,440.106
11/13/2013,51580,82325,21487.5,2057.6,2569.1,1339,440.106
11/14/2013,51620,82600,21325,2057.6,2569.1,1339,440.106
11/15/2013,51590,82912.5,21100,2057.6,2569.1,1339,440.106
11/18/2013,51050,82150,20600,2057.6,2569.1,1339,440.106
11/19/2013,50600,81200,20887.5,2057.6,2569.1,1339,440.106
11/20/2013,50790,81375,20850,2057.6,2569.1,1339,440.106
11/21/2013,50950,81687.5,21150,2057.6,2569.1,1339,440.106
11/22/2013,50830,81750,21112.5,2057.6,2569.1,1339,440.106
11/25/2013,50860,81400,21237.5,2057.6,2569.1,1339,440.106
11/26/2013,51150,82187.5,20925,2057.6,2569.1,1339,440.106
11/27/2013,51450,82662.5,20862.5,2057.6,2569.1,1339,440.106
11/29/2013,51570,82737.5,20762.5,2057.6,2569.1,1339,440.106
12/2/2013,51570,82675,20825,2047.3,2561.9,1334,450.758
12/3/2013,51570,82425,21100,2047.3,2561.9,1334,450.758
12/4/2013,51710,82525,21275,2047.3,2561.9,1334,450.758
12/5/2013,51310,82062.5,21137.5,2047.3,2561.9,1334,450.758
12/6/2013,51380,82237.5,21302.5,2047.3,2561.9,1334,450.758
12/9/2013,51530,82575,21615,2047.3,2561.9,1334,450.758
12/10/2013,51520,82775,21630,2047.3,2561.9,1334,450.758
12/11/2013,51550,82837.5,21882.5,2047.3,2561.9,1334,450.758
12/12/2013,51620,83537.5,21712.5,2047.3,2561.9,1334,450.758
12/13/2013,51480,83537.5,21275,2047.3,2561.9,1334,450.758
12/16/2013,51590,84200,21162.5,2047.3,2561.9,1334,450.758
12/17/2013,51430,83575,21337.5,2047.3,2561.9,1334,450.758
12/18/2013,51220,83025,21250,2047.3,2561.9,1334,450.758
12/19/2013,51490,83400,21525,2047.3,2561.9,1334,450.758
12/20/2013,51610,83487.5,21662.5,2047.3,2561.9,1334,450.758
12/23/2013,51620,83337.5,21712.5,2047.3,2561.9,1334,450.758
12/24/2013,51600,83125,21725,2047.3,2561.9,1334,450.758
12/26/2013,51740,83300,21312.5,2047.3,2561.9,1334,450.758
12/27/2013,51820,83500,21375,2047.3,2561.9,1334,450.758
12/30/2013,51890,83637.5,21175,2047.3,2561.9,1334,450.758
12/31/2013,51770,83350,21100,2047.3,2561.9,1334,450.758
1/2/2014,51870,83500,21025,2140.9,2679,1334,439.368
1/3/2014,52020,83812.5,21175,2140.9,2679,1334,439.368
1/6/2014,52040,84012.5,21387.5,2140.9,2679,1334,439.368
1/7/2014,51730,84025,21300,2140.9,2679,1334,439.368
1/8/2014,51826,84245,20850,2140.9,2679,1334,439.368
1/9/2014,51746,84510,20600,2140.9,2679,1334,439.368
1/10/2014,51632,84025,21637.5,2140.9,2679,1334,439.368
1/13/2014,51466,83372.5,21725,2140.9,2679,1334,439.368
1/14/2014,51430,83412.5,21575,2140.9,2679,1334,439.368
1/15/2014,51710,84012.5,21287.5,2140.9,2679,1334,439.368
1/16/2014,51760,84125,21400,2140.9,2679,1334,439.368
1/17/2014,51820,83962.5,21200,2140.9,2679,1334,439.368
1/21/2014,52070,84162.5,21250,2140.9,2679,1334,439.368
1/22/2014,52660,85187.5,21312.5,2140.9,2679,1334,439.368
1/23/2014,52140,84937.5,21450,2140.9,2679,1334,439.368
1/24/2014,52060,84437.5,21475,2140.9,2679,1334,439.368
1/27/2014,52080,84400,21587.5,2140.9,2679,1334,439.368
1/28/2014,51960,84187.5,21600,2140.9,2679,1334,439.368
1/29/2014,52080,84612.5,21375,2140.9,2679,1334,439.368
1/30/2014,52110,84350,21675,2140.9,2679,1334,439.368
1/31/2014,51930,84712.5,21700,2140.9,2679,1334,439.368
2/3/2014,51840,84000,21787.5,1788.4,2244.1,1330,429.297
2/4/2014,51820,83487.5,22087.5,1788.4,2244.1,1330,429.297
2/5/2014,51860,83462.5,22162.5,1788.4,2244.1,1330,429.297
2/6/2014,51890,83500,22150,1788.4,2244.1,1330,429.297
2/7/2014,52230,83900,22212.5,1788.4,2244.1,1330,429.297
2/10/2014,52110,83950,22150,1788.4,2244.1,1330,429.297
2/11/2014,52410,84387.5,22075,1788.4,2244.1,1330,429.297
2/12/2014,52200,84250,22000,1788.4,2244.1,1330,429.297
2/13/2014,52570,85362.5,22025,1788.4,2244.1,1330,429.297
2/14/2014,52460,85237.5,22262.5,1788.4,2244.1,1330,429.297
2/18/2014,52800,85850,22475,1788.4,2244.1,1330,429.297
2/19/2014,52610,85587.5,22687.5,1788.4,2244.1,1330,429.297
2/20/2014,52680,85562.5,22787.5,1788.4,2244.1,1330,429.297
2/21/2014,52520,85350,22650,1788.4,2244.1,1330,429.297
2/24/2014,52320,85100,22575,1788.4,2244.1,1330,429.297
2/25/2014,52670,85537.5,22787.5,1788.4,2244.1,1330,429.297
2/26/2014,53090,86000,22775,1788.4,2244.1,1330,429.297
2/27/2014,53040,85912.5,22400,1788.4,2244.1,1330,429.297
2/28/2014,53050,85850,22875,1788.4,2244.1,1330,429.297
3/3/2014,53300,85887.5,23200,1937,2449.1,1318,409.507
3/4/2014,53880,86450,23837.5,1937,2449.1,1318,409.507
3/5/2014,53360,86112.5,23762.5,1937,2449.1,1318,409.507
3/6/2014,53260,85700,24287.5,1937,2449.1,1318,409.507
3/7/2014,53820,86315,24130,1937,2449.1,1318,409.507
3/10/2014,54328,87255,23725,1937,2449.1,1318,409.507
3/11/2014,54444,87457.5,24057.5,1937,2449.1,1318,409.507
3/12/2014,54898,87747.5,24382.5,1937,2449.1,1318,409.507
3/13/2014,55240,87962.5,24250,1937,2449.1,1318,409.507
3/14/2014,55550,88612.5,24300,1937,2449.1,1318,409.507
3/17/2014,55580,88987.5,23950,1937,2449.1,1318,409.507
3/18/2014,55590,88450,24312.5,1937,2449.1,1318,409.507
3/19/2014,55690,88325,24387.5,1937,2449.1,1318,409.507
3/20/2014,55020,87325,23925,1937,2449.1,1318,409.507
3/21/2014,55010,87637.5,23950,1937,2449.1,1318,409.507
3/24/2014,55360,88150,24500,1937,2449.1,1318,409.507
3/25/2014,55430,88675,24325,1937,2449.1,1318,409.507
3/26/2014,55760,89312.5,24225,1937,2449.1,1318,409.507
3/27/2014,55950,89750,24600,1937,2449.1,1318,409.507
3/28/2014,55730,89175,24600,1937,2449.1,1318,409.507
3/31/2014,55540,88512.5,25100,1937,2449.1,1318,409.507
4/1/2014,55430,88225,25375,2043.1,2595.3,1306,405.787
4/2/2014,55540,88612.5,24787.5,2043.1,2595.3,1306,405.787
4/3/2014,55720,89412.5,25000,2043.1,2595.3,1306,405.787
4/4/2014,54760,88850,25087.5,2043.1,2595.3,1306,405.787
4/7/2014,55000,88885,24962.5,2043.1,2595.3,1306,405.787
4/8/2014,55340,89265,25350,2043.1,2595.3,1306,405.787
4/9/2014,55310,89842.5,25112.5,2043.1,2595.3,1306,405.787
4/10/2014,55210,89697.5,25062.5,2043.1,2595.3,1306,405.787
4/11/2014,55290,90037.5,24925,2043.1,2595.3,1306,405.787
4/14/2014,55280,90212.5,25150,2043.1,2595.3,1306,405.787
4/15/2014,54980,89887.5,25187.5,2043.1,2595.3,1306,405.787
4/16/2014,55140,89950,24875,2043.1,2595.3,1306,405.787
4/17/2014,54950,89025,24737.5,2043.1,2595.3,1306,405.787
4/21/2014,54930,89050,24425,2043.1,2595.3,1306,405.787
4/22/2014,55260,89175,24812.5,2043.1,2595.3,1306,405.787
4/23/2014,55450,89312.5,25175,2043.1,2595.3,1306,405.787
4/24/2014,55550,89800,25062.5,2043.1,2595.3,1306,405.787
4/25/2014,55870,90000,25350,2043.1,2595.3,1306,405.787
4/28/2014,56220,90550,25387.5,2043.1,2595.3,1306,405.787
4/29/2014,56130,90287.5,25787.5,2043.1,2595.3,1306,405.787
4/30/2014,56160,90600,25700,2043.1,2595.3,1306,405.787
5/1/2014,57020,91975,25162.5,2071.7,2635.6,1299,402.281
5/2/2014,56690,91750,24700,2071.7,2635.6,1299,402.281
5/5/2014,56590,91325,25162.5,2071.7,2635.6,1299,402.281
5/6/2014,56900,91737.5,25650,2071.7,2635.6,1299,402.281
5/7/2014,56992,92277.5,25550,2071.7,2635.6,1299,402.281
5/8/2014,57224,93105,25727.5,2071.7,2635.6,1299,402.281
5/9/2014,57538,94327.5,25325,2071.7,2635.6,1299,402.281
5/12/2014,57724,95210,24955,2071.7,2635.6,1299,402.281
5/13/2014,57710,95837.5,25137.5,2071.7,2635.6,1299,402.281
5/14/2014,57980,96225,24775,2071.7,2635.6,1299,402.281
5/15/2014,57690,96212.5,24212.5,2071.7,2635.6,1299,402.281
5/16/2014,57910,96662.5,24175,2071.7,2635.6,1299,402.281
5/19/2014,58580,98100,23862.5,2071.7,2635.6,1299,402.281
5/20/2014,58340,97962.5,23675,2071.7,2635.6,1299,402.281
5/21/2014,58360,98262.5,23725,2071.7,2635.6,1299,402.281
5/22/2014,58180,97687.5,23837.5,2071.7,2635.6,1299,402.281
5/23/2014,57700,96425,23900,2071.7,2635.6,1299,402.281
5/27/2014,57580,96750,23487.5,2071.7,2635.6,1299,402.281
5/28/2014,57880,97787.5,23625,2071.7,2635.6,1299,402.281
5/29/2014,58420,98525,23475,2071.7,2635.6,1299,402.281
5/30/2014,58290,98525,23287.5,2071.7,2635.6,1299,402.281
6/2/2014,58430,98787.5,23275,2069,2606.4,1307,377.643
6/3/2014,58550,99150,22912.5,2069,2606.4,1307,377.643
6/4/2014,58730,99387.5,22812.5,2069,2606.4,1307,377.643
6/5/2014,59050,99912.5,22450,2069,2606.4,1307,377.643
6/6/2014,58920,100262.5,22950,2069,2606.4,1307,377.643
6/9/2014,59440,101762.5,22550,2069,2606.4,1307,377.643
6/10/2014,59490,102587.5,22275,2069,2606.4,1307,377.643
6/11/2014,59440,101437.5,22050,2069,2606.4,1307,377.643
6/12/2014,60260,102925,22200,2069,2606.4,1307,377.643
6/13/2014,60700,104075,22350,2069,2606.4,1307,377.643
6/16/2014,60680,104350,22050,2069,2606.4,1307,377.643
6/17/2014,60320,103925,21937.5,2069,2606.4,1307,377.643
6/18/2014,59690,102425,22075,2069,2606.4,1307,377.643
6/19/2014,60310,103775,22525,2069,2606.4,1307,377.643
6/20/2014,60200,103437.5,22662.5,2069,2606.4,1307,377.643
6/23/2014,60680,103950,22225,2069,2606.4,1307,377.643
6/24/2014,61570,105312.5,22150,2069,2606.4,1307,377.643
6/25/2014,61820,106062.5,22050,2069,2606.4,1307,377.643
6/26/2014,62320,107562.5,22137.5,2069,2606.4,1307,377.643
6/27/2014,61850,107162.5,22150,2069,2606.4,1307,377.643
6/30/2014,61490,106387.5,21212.5,2069,2606.4,1307,377.643
7/1/2014,62150,107887.5,21137.5,2087.4,2601.7,1320,358.169
7/2/2014,62230,108100,20925,2087.4,2601.7,1320,358.169
7/3/2014,62420,108812.5,20850,2087.4,2601.7,1320,358.169
7/7/2014,62080,109000,20462.5,2087.4,2601.7,1320,358.169
7/8/2014,62098,107950,20312.5,2087.4,2601.7,1320,358.169
7/9/2014,61516,106800,19945,2087.4,2601.7,1320,358.169
7/10/2014,60834,105300,19597.5,2087.4,2601.7,1320,358.169
7/11/2014,61152,105187.5,19127.5,2087.4,2601.7,1320,358.169
7/14/2014,60700,105337.5,19075,2087.4,2601.7,1320,358.169
7/15/2014,61080,105762.5,18700,2087.4,2601.7,1320,358.169
7/16/2014,60870,104912.5,18912.5,2087.4,2601.7,1320,358.169
7/17/2014,61500,105800,18975,2087.4,2601.7,1320,358.169
7/18/2014,61510,105825,18562.5,2087.4,2601.7,1320,358.169
7/21/2014,61740,106512.5,18200,2087.4,2601.7,1320,358.169
7/22/2014,62500,108012.5,18012.5,2087.4,2601.7,1320,358.169
7/23/2014,62310,108625,18125,2087.4,2601.7,1320,358.169
7/24/2014,62460,108662.5,18075,2087.4,2601.7,1320,358.169
7/25/2014,62740,109125,18150,2087.4,2601.7,1320,358.169
7/28/2014,63000,110087.5,18387.5,2087.4,2601.7,1320,358.169
7/29/2014,63220,110712.5,18075,2087.4,2601.7,1320,358.169
7/30/2014,63650,111512.5,18087.5,2087.4,2601.7,1320,358.169
7/31/2014,63010,110337.5,17850,2087.4,2601.7,1320,358.169
8/1/2014,62690,110137.5,17625,2023.5,2499.6,1329,367.942
8/4/2014,62650,110487.5,17937.5,2023.5,2499.6,1329,367.942
8/5/2014,62460,110625,17812.5,2023.5,2499.6,1329,367.942
8/6/2014,62540,110662.5,18162.5,2023.5,2499.6,1329,367.942
8/7/2014,61640,109102.5,17975,2023.5,2499.6,1329,367.942
8/8/2014,60440,107542.5,17587.5,2023.5,2499.6,1329,367.942
8/11/2014,61340,108722.5,17837.5,2023.5,2499.6,1329,367.942
8/12/2014,60430,107315,17925,2023.5,2499.6,1329,367.942
8/13/2014,60130,106775,17900,2023.5,2499.6,1329,367.942
8/14/2014,60330,106525,18100,2023.5,2499.6,1329,367.942
8/15/2014,61040,107550,18287.5,2023.5,2499.6,1329,367.942
8/18/2014,61140,108037.5,18037.5,2023.5,2499.6,1329,367.942
8/19/2014,60630,107125,18125,2023.5,2499.6,1329,367.942
8/20/2014,60110,105625,17975,2023.5,2499.6,1329,367.942
8/21/2014,59920,104712.5,18112.5,2023.5,2499.6,1329,367.942
8/22/2014,60390,105450,18275,2023.5,2499.6,1329,367.942
8/25/2014,60850,106637.5,18000,2023.5,2499.6,1329,367.942
8/26/2014,60850,107100,17800,2023.5,2499.6,1329,367.942
8/27/2014,60640,107237.5,17800,2023.5,2499.6,1329,367.942
8/28/2014,61510,108575,18087.5,2023.5,2499.6,1329,367.942
8/29/2014,61840,109325,17950,2023.5,2499.6,1329,367.942
9/2/2014,62420,110125,17787.5,2068.4,2531.1,1344,346.556
9/3/2014,63240,111350,17062.5,2068.4,2531.1,1344,346.556
9/4/2014,62680,111900,16787.5,2068.4,2531.1,1344,346.556
9/5/2014,63680,112862.5,17325,2068.4,2531.1,1344,346.556
9/8/2014,63610,113452.5,17052.5,2068.4,2531.1,1344,346.556
9/9/2014,63924,114137.5,16972.5,2068.4,2531.1,1344,346.556
9/10/2014,63948,113907.5,17147.5,2068.4,2531.1,1344,346.556
9/11/2014,63240,113045,16957.5,2068.4,2531.1,1344,346.556
9/12/2014,63020,112962.5,16925,2068.4,2531.1,1344,346.556
9/15/2014,63140,112925,17150,2068.4,2531.1,1344,346.556
9/16/2014,63030,112937.5,17187.5,2068.4,2531.1,1344,346.556
9/17/2014,63610,114050,17087.5,2068.4,2531.1,1344,346.556
9/18/2014,63370,113850,16912.5,2068.4,2531.1,1344,346.556
9/19/2014,63680,114362.5,16575,2068.4,2531.1,1344,346.556
9/22/2014,64000,114637.5,16512.5,2068.4,2531.1,1344,346.556
9/23/2014,63870,115075,16275,2068.4,2531.1,1344,346.556
9/24/2014,63940,115200,16475,2068.4,2531.1,1344,346.556
9/25/2014,64150,115050,16300,2068.4,2531.1,1344,346.556
9/26/2014,64900,116550,16150,2068.4,2531.1,1344,346.556
9/29/2014,65160,117325,16287.5,2068.4,2531.1,1344,346.556
9/30/2014,64910,117712.5,16037.5,2068.4,2531.1,1344,346.556
10/1/2014,65420,119212.5,16062.5,2171.1,2639.9,1355,378.17
10/2/2014,65700,120550,16137.5,2171.1,2639.9,1355,378.17
10/3/2014,65720,120437.5,16162.5,2171.1,2639.9,1355,378.17
10/6/2014,66030,120000,16625,2171.1,2639.9,1355,378.17
10/7/2014,66430,120832.5,17025,2171.1,2639.9,1355,378.17
10/8/2014,66740,121282.5,17162.5,2171.1,2639.9,1355,378.17
10/9/2014,66560,120787.5,17237.5,2171.1,2639.9,1355,378.17
10/10/2014,66070,119730,16700,2171.1,2639.9,1355,378.17
10/13/2014,66360,120075,17300,2171.1,2639.9,1355,378.17
10/14/2014,65160,118575,17850,2171.1,2639.9,1355,378.17
10/15/2014,64040,117075,17375,2171.1,2639.9,1355,378.17
10/16/2014,64980,118575,17612.5,2171.1,2639.9,1355,378.17
10/17/2014,64820,117075,17400,2171.1,2639.9,1355,378.17
10/20/2014,65910,118412.5,17412.5,2171.1,2639.9,1355,378.17
10/21/2014,65860,116962.5,17800,2171.1,2639.9,1355,378.17
10/22/2014,66310,117587.5,17650,2171.1,2639.9,1355,378.17
10/23/2014,66820,118350,17987.5,2171.1,2639.9,1355,378.17
10/24/2014,65910,117325,17650,2171.1,2639.9,1355,378.17
10/27/2014,66510,117400,18150,2171.1,2639.9,1355,378.17
10/28/2014,66310,116825,18225,2171.1,2639.9,1355,378.17
10/29/2014,66220,116525,18762.5,2171.1,2639.9,1355,378.17
10/30/2014,66470,117112.5,18700,2171.1,2639.9,1355,378.17
10/31/2014,66240,117075,18837.5,2171.1,2639.9,1355,378.17
11/3/2014,66320,117787.5,18675,1849.5,2246.8,1363,380.928
11/4/2014,66510,118562.5,18225,1849.5,2246.8,1363,380.928
11/5/2014,66100,117887.5,18512.5,1849.5,2246.8,1363,380.928
11/6/2014,66340,118262.5,18562.5,1849.5,2246.8,1363,380.928
11/7/2014,66032,118655,18375,1849.5,2246.8,1363,380.928
11/10/2014,65316,118257.5,18462.5,1849.5,2246.8,1363,380.928
11/11/2014,64624,117565,18687.5,1849.5,2246.8,1363,380.928
11/12/2014,64258,117285,18887.5,1849.5,2246.8,1363,380.928
11/13/2014,63850,117112.5,19312.5,1849.5,2246.8,1363,380.928
11/14/2014,64150,118062.5,19087.5,1849.5,2246.8,1363,380.928
11/17/2014,64310,118737.5,18875,1849.5,2246.8,1363,380.928
11/18/2014,64440,118637.5,18600,1849.5,2246.8,1363,380.928
11/19/2014,64470,118550,18162.5,1849.5,2246.8,1363,380.928
11/20/2014,64800,117787.5,18662.5,1849.5,2246.8,1363,380.928
11/21/2014,65120,118175,18637.5,1849.5,2246.8,1363,380.928
11/24/2014,64590,116675,18375,1849.5,2246.8,1363,380.928
11/25/2014,64430,115687.5,18712.5,1849.5,2246.8,1363,380.928
11/26/2014,64240,115250,18912.5,1849.5,2246.8,1363,380.928
11/28/2014,64520,115537.5,18787.5,1849.5,2246.8,1363,380.928
12/1/2014,64880,117037.5,18775,2000.2,2439.3,1363,400.825
12/2/2014,64700,117775,18387.5,2000.2,2439.3,1363,400.825
12/3/2014,64140,117412.5,18437.5,2000.2,2439.3,1363,400.825
12/4/2014,63960,117975,18800,2000.2,2439.3,1363,400.825
12/5/2014,63410,117437.5,19210,2000.2,2439.3,1363,400.825
12/8/2014,62260,115937.5,19130,2000.2,2439.3,1363,400.825
12/9/2014,62300,116387.5,19517.5,2000.2,2439.3,1363,400.825
12/10/2014,62150,115800,19575,2000.2,2439.3,1363,400.825
12/11/2014,61860,114300,19925,2000.2,2439.3,1363,400.825
12/12/2014,61630,112800,20375,2000.2,2439.3,1363,400.825
12/15/2014,61060,111300,20425,2000.2,2439.3,1363,400.825
12/16/2014,59860,109800,20300,2000.2,2439.3,1363,400.825
12/17/2014,59270,108300,20412.5,2000.2,2439.3,1363,400.825
12/18/2014,60180,108537.5,20550,2000.2,2439.3,1363,400.825
12/19/2014,61000,110075,20525,2000.2,2439.3,1363,400.825
12/22/2014,61220,110250,20587.5,2000.2,2439.3,1363,400.825
12/23/2014,60950,108562.5,20700,2000.2,2439.3,1363,400.825
12/24/2014,60630,107375,20387.5,2000.2,2439.3,1363,400.825
12/26/2014,61120,106862.5,20737.5,2000.2,2439.3,1363,400.825
12/29/2014,61970,108725,20637.5,2000.2,2439.3,1363,400.825
12/30/2014,62050,109162.5,20325,2000.2,2439.3,1363,400.825
12/31/2014,61960,109725,19850,2000.2,2439.3,1363,400.825
1/2/2015,62820,111975,19787.5,1963.5,2417.6,1358,444.376
1/5/2015,63100,112837.5,20300,1963.5,2417.6,1358,444.376
1/6/2015,62750,112350,20250,1963.5,2417.6,1358,444.376
1/7/2015,62430,112825,19812.5,1963.5,2417.6,1358,444.376
1/8/2015,61166,111955,19712.5,1963.5,2417.6,1358,444.376
1/9/2015,59876,109237.5,20012.5,1963.5,2417.6,1358,444.376
1/12/2015,60018,108670,20100,1963.5,2417.6,1358,444.376
1/13/2015,59238,106525,19287.5,1963.5,2417.6,1358,444.376
1/14/2015,58480,105050,19050,1963.5,2417.6,1358,444.376
1/15/2015,58220,102800,19000,1963.5,2417.6,1358,444.376
1/16/2015,58230,102425,19350,1963.5,2417.6,1358,444.376
1/20/2015,57630,101237.5,19512.5,1963.5,2417.6,1358,444.376
1/21/2015,57950,102650,19400,1963.5,2417.6,1358,444.376
1/22/2015,57910,103162.5,19187.5,1963.5,2417.6,1358,444.376
1/23/2015,56880,100912.5,19337.5,1963.5,2417.6,1358,444.376
1/26/2015,57080,99987.5,19200,1963.5,2417.6,1358,444.376
1/27/2015,57960,101912.5,19062.5,1963.5,2417.6,1358,444.376
1/28/2015,57900,102175,18662.5,1963.5,2417.6,1358,444.376
1/29/2015,57180,101787.5,18575,1963.5,2417.6,1358,444.376
1/30/2015,57620,102600,18500,1963.5,2417.6,1358,444.376
2/2/2015,56650,100350,18487.5,1768.1,2170.2,1355,491.997
2/3/2015,56790,99750,19287.5,1768.1,2170.2,1355,491.997
2/4/2015,56140,98362.5,19175,1768.1,2170.2,1355,491.997
2/5/2015,56400,97825,19262.5,1768.1,2170.2,1355,491.997
2/6/2015,57250,99725,19287.5,1768.1,2170.2,1355,491.997
2/9/2015,57910,101812.5,19562.5,1768.1,2170.2,1355,491.997
2/10/2015,57640,101012.5,19400,1768.1,2170.2,1355,491.997
2/11/2015,56710,99375,19287.5,1768.1,2170.2,1355,491.997
2/12/2015,56830,100150,19150,1768.1,2170.2,1355,491.997
2/13/2015,57600,101925,19362.5,1768.1,2170.2,1355,491.997
2/17/2015,56910,100725,19475,1768.1,2170.2,1355,491.997
2/18/2015,57140,101550,19187.5,1768.1,2170.2,1355,491.997
2/19/2015,57070,101275,19487.5,1768.1,2170.2,1355,491.997
2/20/2015,56320,99587.5,19262.5,1768.1,2170.2,1355,491.997
2/23/2015,55650,99037.5,18937.5,1768.1,2170.2,1355,491.997
2/24/2015,55200,97800,18875,1768.1,2170.2,1355,491.997
2/25/2015,55810,98487.5,18787.5,1768.1,2170.2,1355,491.997
2/26/2015,56720,100150,19000,1768.1,2170.2,1355,491.997
2/27/2015,56820,100950,19225,1768.1,2170.2,1355,491.997
3/2/2015,57470,102050,18937.5,1933.3,2381,1347,491.876
3/3/2015,56830,101362.5,19100,1933.3,2381,1347,491.876
3/4/2015,57750,103612.5,19075,1933.3,2381,1347,491.876
3/5/2015,57660,103287.5,19137.5,1933.3,2381,1347,491.876
3/6/2015,58190,104747.5,19030,1933.3,2381,1347,491.876
3/9/2015,58302,104590,19272.5,1933.3,2381,1347,491.876
3/10/2015,58272,105595,19285,1933.3,2381,1347,491.876
3/11/2015,58734,106700,19480,1933.3,2381,1347,491.876
3/12/2015,59030,106450,19425,1933.3,2381,1347,491.876
3/13/2015,58720,105612.5,19025,1933.3,2381,1347,491.876
3/16/2015,58650,105025,18950,1933.3,2381,1347,491.876
3/17/2015,58620,105012.5,18550,1933.3,2381,1347,491.876
3/18/2015,59580,107150,18737.5,1933.3,2381,1347,491.876
3/19/2015,59960,108012.5,18675,1933.3,2381,1347,491.876
3/20/2015,60010,108100,19250,1933.3,2381,1347,491.876
3/23/2015,60730,109587.5,19512.5,1933.3,2381,1347,491.876
3/24/2015,60910,109462.5,19662.5,1933.3,2381,1347,491.876
3/25/2015,60860,108625,19750,1933.3,2381,1347,491.876
3/26/2015,60500,108612.5,19562.5,1933.3,2381,1347,491.876
3/27/2015,60680,109637.5,19550,1933.3,2381,1347,491.876
3/30/2015,60710,109312.5,19725,1933.3,2381,1347,491.876
3/31/2015,60480,109062.5,18812.5,1933.3,2381,1347,491.876
4/1/2015,60390,109312.5,19087.5,1928.8,2383.3,1338,481.473
4/2/2015,60560,110187.5,19325,1928.8,2383.3,1338,481.473
4/6/2015,60120,109900,19250,1928.8,2383.3,1338,481.473
4/7/2015,60230,108837.5,19150,1928.8,2383.3,1338,481.473
4/8/2015,60150,107837.5,18962.5,1928.8,2383.3,1338,481.473
4/9/2015,60240,107682.5,18900,1928.8,2383.3,1338,481.473
4/10/2015,59370,105407.5,18850,1928.8,2383.3,1338,481.473
4/13/2015,59470,105245,18525,1928.8,2383.3,1338,481.473
4/14/2015,59790,105400,18675,1928.8,2383.3,1338,481.473
4/15/2015,60150,106212.5,18800,1928.8,2383.3,1338,481.473
4/16/2015,60390,106500,18812.5,1928.8,2383.3,1338,481.473
4/17/2015,59300,104262.5,18987.5,1928.8,2383.3,1338,481.473
4/20/2015,58540,102575,18900,1928.8,2383.3,1338,481.473
4/21/2015,59020,103487.5,18650,1928.8,2383.3,1338,481.473
4/22/2015,58720,103375,18625,1928.8,2383.3,1338,481.473
4/23/2015,59830,105625,18537.5,1928.8,2383.3,1338,481.473
4/24/2015,60490,107037.5,18225,1928.8,2383.3,1338,481.473
4/27/2015,60020,105700,18037.5,1928.8,2383.3,1338,481.473
4/28/2015,60190,106175,18050,1928.8,2383.3,1338,481.473
4/29/2015,60240,106525,18187.5,1928.8,2383.3,1338,481.473
4/30/2015,59870,106487.5,18125,1928.8,2383.3,1338,481.473
5/1/2015,59840,106812.5,17987.5,1925.5,2379.4,1332,484.294
5/4/2015,60290,107575,17937.5,1925.5,2379.4,1332,484.294
5/5/2015,60540,107687.5,18062.5,1925.5,2379.4,1332,484.294
5/6/2015,60300,107250,18325,1925.5,2379.4,1332,484.294
5/7/2015,60152,107640,17925,1925.5,2379.4,1332,484.294
5/8/2015,60672,108287.5,18015,1925.5,2379.4,1332,484.294
5/11/2015,60240,108582.5,17980,1925.5,2379.4,1332,484.294
5/12/2015,60614,108350,18010,1925.5,2379.4,1332,484.294
5/13/2015,61160,108812.5,18112.5,1925.5,2379.4,1332,484.294
5/14/2015,61550,109475,18400,1925.5,2379.4,1332,484.294
5/15/2015,61080,109200,18275,1925.5,2379.4,1332,484.294
5/18/2015,61030,108362.5,18400,1925.5,2379.4,1332,484.294
5/19/2015,61200,108575,18100,1925.5,2379.4,1332,484.294
5/20/2015,61120,108350,18000,1925.5,2379.4,1332,484.294
5/21/2015,61550,108862.5,18250,1925.5,2379.4,1332,484.294
5/22/2015,61660,109500,18000,1925.5,2379.4,1332,484.294
5/26/2015,61640,109800,17750,1925.5,2379.4,1332,484.294
5/27/2015,61870,110712.5,17475,1925.5,2379.4,1332,484.294
5/28/2015,62200,112475,17675,1925.5,2379.4,1332,484.294
5/29/2015,61670,111475,17575,1925.5,2379.4,1332,484.294
6/1/2015,62020,111775,17612.5,2001.6,2466,1332,474.607
6/2/2015,61960,111662.5,17950,2001.6,2466,1332,474.607
6/3/2015,61470,110950,17950,2001.6,2466,1332,474.607
6/4/2015,61630,111287.5,18175,2001.6,2466,1332,474.607
6/5/2015,61500,110950,18025,2001.6,2466,1332,474.607
6/8/2015,62030,111425,18262.5,2001.6,2466,1332,474.607
6/9/2015,62340,112112.5,18250,2001.6,2466,1332,474.607
6/10/2015,62530,113387.5,17862.5,2001.6,2466,1332,474.607
6/11/2015,62430,113125,17825,2001.6,2466,1332,474.607
6/12/2015,61660,111725,17650,2001.6,2466,1332,474.607
6/15/2015,61780,111950,17412.5,2001.6,2466,1332,474.607
6/16/2015,61910,112425,17700,2001.6,2466,1332,474.607
6/17/2015,61590,112362.5,17962.5,2001.6,2466,1332,474.607
6/18/2015,61290,110962.5,17900,2001.6,2466,1332,474.607
6/19/2015,61810,111712.5,17662.5,2001.6,2466,1332,474.607
6/22/2015,62340,112887.5,18000,2001.6,2466,1332,474.607
6/23/2015,62270,112675,18375,2001.6,2466,1332,474.607
6/24/2015,61630,111775,18325,2001.6,2466,1332,474.607
6/25/2015,60990,109525,18825,2001.6,2466,1332,474.607
6/26/2015,60890,108625,19250,2001.6,2466,1332,474.607
6/29/2015,61320,109537.5,19162.5,2001.6,2466,1332,474.607
6/30/2015,60760,107362.5,20700,2001.6,2466,1332,474.607
7/1/2015,61900,109250,20687.5,2046.8,2493.3,1346,474.274
7/2/2015,61890,108725,20987.5,2046.8,2493.3,1346,474.274
7/6/2015,61790,108487.5,20925,2046.8,2493.3,1346,474.274
7/7/2015,61940,108562.5,20787.5,2046.8,2493.3,1346,474.274
7/8/2015,61442,106812.5,20895,2046.8,2493.3,1346,474.274
7/9/2015,61160,105875,21212.5,2046.8,2493.3,1346,474.274
7/10/2015,60878,105625,21587.5,2046.8,2493.3,1346,474.274
7/13/2015,60872,105612.5,21965,2046.8,2493.3,1346,474.274
7/14/2015,61220,107150,21412.5,2046.8,2493.3,1346,474.274
7/15/2015,61170,107662.5,21475,2046.8,2493.3,1346,474.274
7/16/2015,60760,107237.5,21500,2046.8,2493.3,1346,474.274
7/17/2015,60660,107600,21012.5,2046.8,2493.3,1346,474.274
7/20/2015,60590,108162.5,20250,2046.8,2493.3,1346,474.274
7/21/2015,60080,106537.5,20325,2046.8,2493.3,1346,474.274
7/22/2015,59740,106187.5,20137.5,2046.8,2493.3,1346,474.274
7/23/2015,59200,104887.5,20162.5,2046.8,2493.3,1346,474.274
7/24/2015,59060,104837.5,19625,2046.8,2493.3,1346,474.274
7/27/2015,58570,104375,18650,2046.8,2493.3,1346,474.274
7/28/2015,59380,105625,18750,2046.8,2493.3,1346,474.274
7/29/2015,59430,105737.5,18387.5,2046.8,2493.3,1346,474.274
7/30/2015,59300,105612.5,18662.5,2046.8,2493.3,1346,474.274
7/31/2015,58980,105362.5,18550,2046.8,2493.3,1346,474.274
8/3/2015,59680,106925,18325,1934.9,2323.3,1363,460.093
8/4/2015,59830,106975,18437.5,1934.9,2323.3,1363,460.093
8/5/2015,59820,107062.5,18637.5,1934.9,2323.3,1363,460.093
8/6/2015,59950,107487.5,18487.5,1934.9,2323.3,1363,460.093
8/7/2015,59780,106707.5,18637.5,1934.9,2323.3,1363,460.093
8/10/2015,60010,106350,19512.5,1934.9,2323.3,1363,460.093
8/11/2015,59970,105942.5,18825,1934.9,2323.3,1363,460.093
8/12/2015,59400,105417.5,17862.5,1934.9,2323.3,1363,460.093
8/13/2015,59460,105162.5,18187.5,1934.9,2323.3,1363,460.093
8/14/2015,59390,104762.5,18200,1934.9,2323.3,1363,460.093
8/17/2015,59540,104612.5,18162.5,1934.9,2323.3,1363,460.093
8/18/2015,59620,104812.5,18312.5,1934.9,2323.3,1363,460.093
8/19/2015,58960,103450,18362.5,1934.9,2323.3,1363,460.093
8/20/2015,59310,103412.5,18550,1934.9,2323.3,1363,460.093
8/21/2015,58400,101162.5,18262.5,1934.9,2323.3,1363,460.093
8/24/2015,57680,99037.5,18437.5,1934.9,2323.3,1363,460.093
8/25/2015,57570,99700,18275,1934.9,2323.3,1363,460.093
8/26/2015,57010,99050,18087.5,1934.9,2323.3,1363,460.093
8/27/2015,57870,100175,18187.5,1934.9,2323.3,1363,460.093
8/28/2015,58360,101200,18162.5,1934.9,2323.3,1363,460.093
8/31/2015,58060,100912.5,18187.5,1934.9,2323.3,1363,460.093
9/1/2015,57320,100137.5,17800,2086.6,2474.6,1382,470.319
9/2/2015,57280,100375,17700,2086.6,2474.6,1382,470.319
9/3/2015,57490,101275,17387.5,2086.6,2474.6,1382,470.319
9/4/2015,57080,100675,17475,2086.6,2474.6,1382,470.319
9/8/2015,58156,101672.5,17882.5,2086.6,2474.6,1382,470.319
9/9/2015,57922,100862.5,18075,2086.6,2474.6,1382,470.319
9/10/2015,57654,100340,18462.5,2086.6,2474.6,1382,470.319
9/11/2015,56790,98110,19225,2086.6,2474.6,1382,470.319
9/14/2015,56860,97400,19675,2086.6,2474.6,1382,470.319
9/15/2015,56570,96375,19525,2086.6,2474.6,1382,470.319
9/16/2015,55570,94225,19300,2086.6,2474.6,1382,470.319
9/17/2015,55600,93900,18987.5,2086.6,2474.6,1382,470.319
9/18/2015,55220,92912.5,18862.5,2086.6,2474.6,1382,470.319
9/21/2015,55600,93837.5,19225,2086.6,2474.6,1382,470.319
9/22/2015,55260,93437.5,19025,2086.6,2474.6,1382,470.319
9/23/2015,54060,91187.5,19162.5,2086.6,2474.6,1382,470.319
9/24/2015,53220,90050,19075,2086.6,2474.6,1382,470.319
9/25/2015,54420,92300,19450,2086.6,2474.6,1382,470.319
9/28/2015,54750,92637.5,19337.5,2086.6,2474.6,1382,470.319
9/29/2015,53560,90412.5,19450,2086.6,2474.6,1382,470.319
9/30/2015,53030,89087.5,19387.5,2086.6,2474.6,1382,470.319
10/1/2015,52970,88700,19437.5,2126.3,2514.3,1390,498.346
10/2/2015,53410,89750,19462.5,2126.3,2514.3,1390,498.346
10/5/2015,53120,89062.5,19675,2126.3,2514.3,1390,498.346
10/6/2015,54200,91262.5,19912.5,2126.3,2514.3,1390,498.346
10/7/2015,54920,92102.5,19787.5,2126.3,2514.3,1390,498.346
10/8/2015,55500,93182.5,19562.5,2126.3,2514.3,1390,498.346
10/9/2015,55640,93257.5,19137.5,2126.3,2514.3,1390,498.346
10/12/2015,55710,93577.5,19037.5,2126.3,2514.3,1390,498.346
10/13/2015,55600,93300,19225,2126.3,2514.3,1390,498.346
10/14/2015,55550,93475,18950,2126.3,2514.3,1390,498.346
10/15/2015,55150,92950,18775,2126.3,2514.3,1390,498.346
10/16/2015,56210,95075,18837.5,2126.3,2514.3,1390,498.346
10/19/2015,56800,96075,18650,2126.3,2514.3,1390,498.346
10/20/2015,57160,96225,18837.5,2126.3,2514.3,1390,498.346
10/21/2015,57270,95712.5,19037.5,2126.3,2514.3,1390,498.346
10/22/2015,57670,97125,18912.5,2126.3,2514.3,1390,498.346
10/23/2015,57520,96625,18987.5,2126.3,2514.3,1390,498.346
10/26/2015,57090,95612.5,19225,2126.3,2514.3,1390,498.346
10/27/2015,56530,93875,19000,2126.3,2514.3,1390,498.346
10/28/2015,57730,96125,18800,2126.3,2514.3,1390,498.346
10/29/2015,57260,95962.5,19000,2126.3,2514.3,1390,498.346
10/30/2015,56850,95450,19112.5,2126.3,2514.3,1390,498.346
11/2/2015,56910,96137.5,18825,1936.1,2296.2,1392,509.134
11/3/2015,56580,95325,19025,1936.1,2296.2,1392,509.134
11/4/2015,55380,93075,19025,1936.1,2296.2,1392,509.134
11/5/2015,54590,90812.5,18725,1936.1,2296.2,1392,509.134
11/6/2015,53964,89852.5,18650,1936.1,2296.2,1392,509.134
11/9/2015,52078,86642.5,18337.5,1936.1,2296.2,1392,509.134
11/10/2015,50166,82782.5,17950,1936.1,2296.2,1392,509.134
11/11/2015,50634,83915,18112.5,1936.1,2296.2,1392,509.134
11/12/2015,50370,83450,18100,1936.1,2296.2,1392,509.134
11/13/2015,49520,82275,17912.5,1936.1,2296.2,1392,509.134
11/16/2015,48370,80050,18000,1936.1,2296.2,1392,509.134
11/17/2015,49090,80650,18100,1936.1,2296.2,1392,509.134
11/18/2015,50080,81975,18087.5,1936.1,2296.2,1392,509.134
11/19/2015,49700,81225,18212.5,1936.1,2296.2,1392,509.134
11/20/2015,49740,81825,18162.5,1936.1,2296.2,1392,509.134
11/23/2015,50280,82700,18362.5,1936.1,2296.2,1392,509.134
11/24/2015,49760,82337.5,18212.5,1936.1,2296.2,1392,509.134
11/25/2015,50020,82487.5,18300,1936.1,2296.2,1392,509.134
11/27/2015,50050,83012.5,17962.5,1936.1,2296.2,1392,509.134
11/30/2015,49510,81375,18250,1936.1,2296.2,1392,509.134
12/1/2015,50240,82200,18350,2046.3,2452.4,1388,510.636
12/2/2015,49410,80362.5,18200,2046.3,2452.4,1388,510.636
12/3/2015,48850,79875,18512.5,2046.3,2452.4,1388,510.636
12/4/2015,48750,79725,18812.5,2046.3,2452.4,1388,510.636
12/7/2015,48250,78225,18470,2046.3,2452.4,1388,510.636
12/8/2015,47890,76925,18570,2046.3,2452.4,1388,510.636
12/9/2015,47110,75312.5,18647.5,2046.3,2452.4,1388,510.636
12/10/2015,47650,76525,18942.5,2046.3,2452.4,1388,510.636
12/11/2015,47520,76062.5,18762.5,2046.3,2452.4,1388,510.636
12/14/2015,46900,74075,18950,2046.3,2452.4,1388,510.636
12/15/2015,47100,74262.5,18862.5,2046.3,2452.4,1388,510.636
12/16/2015,47130,73850,18487.5,2046.3,2452.4,1388,510.636
12/17/2015,46690,72125,18712.5,2046.3,2452.4,1388,510.636
12/18/2015,47890,74375,18725,2046.3,2452.4,1388,510.636
12/21/2015,49110,77750,18600,2046.3,2452.4,1388,510.636
12/22/2015,49460,79325,18312.5,2046.3,2452.4,1388,510.636
12/23/2015,50200,81537.5,18275,2046.3,2452.4,1388,510.636
12/24/2015,50980,81737.5,18225,2046.3,2452.4,1388,510.636
12/28/2015,50840,81325,18050,2046.3,2452.4,1388,510.636
12/29/2015,50700,81237.5,18125,2046.3,2452.4,1388,510.636
12/30/2015,51110,82975,17950,2046.3,2452.4,1388,510.636
12/31/2015,51120,83450,17937.5,2046.3,2452.4,1388,510.636
1/4/2016,50980,83812.5,17575,1954.2,2359.2,1381,512.524
1/5/2016,51000,83887.5,17650,1954.2,2359.2,1381,512.524
1/6/2016,51110,84162.5,17662.5,1954.2,2359.2,1381,512.524
1/7/2016,49910,81912.5,17650,1954.2,2359.2,1381,512.524
1/8/2016,49406,79502.5,17850,1954.2,2359.2,1381,512.524
1/11/2016,48982,79195,17587.5,1954.2,2359.2,1381,512.524
1/12/2016,48698,79145,17837.5,1954.2,2359.2,1381,512.524
1/13/2016,48430,78957.5,17900,1954.2,2359.2,1381,512.524
1/14/2016,47540,77387.5,17900,1954.2,2359.2,1381,512.524
1/15/2016,46530,75137.5,18162.5,1954.2,2359.2,1381,512.524
1/19/2016,47280,76137.5,18387.5,1954.2,2359.2,1381,512.524
1/20/2016,46620,74862.5,18437.5,1954.2,2359.2,1381,512.524
1/21/2016,47720,77112.5,18350,1954.2,2359.2,1381,512.524
1/22/2016,48060,78950,18512.5,1954.2,2359.2,1381,512.524
1/25/2016,47730,78887.5,18487.5,1954.2,2359.2,1381,512.524
1/26/2016,47880,79625,18462.5,1954.2,2359.2,1381,512.524
1/27/2016,48260,79962.5,18462.5,1954.2,2359.2,1381,512.524
1/28/2016,48160,79712.5,18275,1954.2,2359.2,1381,512.524
1/29/2016,47820,78625,18600,1954.2,2359.2,1381,512.524
2/1/2016,48240,78887.5,18562.5,1886,2290.9,1372,534.11
2/2/2016,48400,78925,18625,1886,2290.9,1372,534.11
2/3/2016,48490,78975,18550,1886,2290.9,1372,534.11
2/4/2016,48370,78262.5,18425,1886,2290.9,1372,534.11
2/5/2016,48250,76912.5,18287.5,1886,2290.9,1372,534.11
2/8/2016,47050,74662.5,18112.5,1886,2290.9,1372,534.11
2/9/2016,47040,74500,18050,1886,2290.9,1372,534.11
2/10/2016,47560,75612.5,18012.5,1886,2290.9,1372,534.11
2/11/2016,46730,75125,18012.5,1886,2290.9,1372,534.11
2/12/2016,46460,75012.5,17937.5,1886,2290.9,1372,534.11
2/16/2016,47420,77250,18150,1886,2290.9,1372,534.11
2/17/2016,47710,78000,18362.5,1886,2290.9,1372,534.11
2/18/2016,47790,78237.5,18275,1886,2290.9,1372,534.11
2/19/2016,47640,77937.5,18275,1886,2290.9,1372,534.11
2/22/2016,47850,77587.5,18375,1886,2290.9,1372,534.11
2/23/2016,48230,78512.5,18100,1886,2290.9,1372,534.11
2/24/2016,48530,78975,17987.5,1886,2290.9,1372,534.11
2/25/2016,48590,79550,17775,1886,2290.9,1372,534.11
2/26/2016,48550,79325,17725,1886,2290.9,1372,534.11
2/29/2016,48460,79075,17675,1886,2290.9,1372,534.11
3/1/2016,48580,79025,17687.5,2097.3,2534.1,1370,506.36
3/2/2016,48520,79150,17725,2097.3,2534.1,1370,506.36
3/3/2016,48470,78800,17687.5,2097.3,2534.1,1370,506.36
3/4/2016,48770,79250,17725,2097.3,2534.1,1370,506.36
3/7/2016,48586,78965,17790,2097.3,2534.1,1370,506.36
3/8/2016,48720,79447.5,17972.5,2097.3,2534.1,1370,506.36
3/9/2016,48722,79427.5,17965,2097.3,2534.1,1370,506.36
3/10/2016,49050,80795,18135,2097.3,2534.1,1370,506.36
3/11/2016,49040,81362.5,18250,2097.3,2534.1,1370,506.36
3/14/2016,49210,81287.5,18437.5,2097.3,2534.1,1370,506.36
3/15/2016,49480,82400,18425,2097.3,2534.1,1370,506.36
3/16/2016,49560,82737.5,18412.5,2097.3,2534.1,1370,506.36
3/17/2016,49460,82587.5,18425,2097.3,2534.1,1370,506.36
3/18/2016,48850,81100,18350,2097.3,2534.1,1370,506.36
3/21/2016,48530,78987.5,18475,2097.3,2534.1,1370,506.36
3/22/2016,48060,78425,18500,2097.3,2534.1,1370,506.36
3/23/2016,47830,77775,18425,2097.3,2534.1,1370,506.36
3/24/2016,48150,77912.5,18500,2097.3,2534.1,1370,506.36
3/28/2016,48290,77787.5,18525,2097.3,2534.1,1370,506.36
3/29/2016,48290,78037.5,18650,2097.3,2534.1,1370,506.36
3/30/2016,47400,76287.5,18350,2097.3,2534.1,1370,506.36
3/31/2016,47940,78537.5,17575,2097.3,2534.1,1370,506.36
4/1/2016,47790,78100,17700,1964,2409.1,1348,481.761
4/4/2016,47830,78337.5,17725,1964,2409.1,1348,481.761
4/5/2016,46790,76312.5,17837.5,1964,2409.1,1348,481.761
4/6/2016,46970,76587.5,17900,1964,2409.1,1348,481.761
4/7/2016,47080,76640,18075,1964,2409.1,1348,481.761
4/8/2016,47500,77340,18112.5,1964,2409.1,1348,481.761
4/11/2016,47310,76717.5,17837.5,1964,2409.1,1348,481.761
4/12/2016,47070,75947.5,18137.5,1964,2409.1,1348,481.761
4/13/2016,46940,74962.5,18675,1964,2409.1,1348,481.761
4/14/2016,46880,74962.5,18700,1964,2409.1,1348,481.761
4/15/2016,47230,75275,18925,1964,2409.1,1348,481.761
4/18/2016,46240,73025,19050,1964,2409.1,1348,481.761
4/19/2016,46130,72887.5,19225,1964,2409.1,1348,481.761
4/20/2016,45770,72712.5,19737.5,1964,2409.1,1348,481.761
4/21/2016,45560,72725,19225,1964,2409.1,1348,481.761
4/22/2016,44580,71225,18587.5,1964,2409.1,1348,481.761
4/25/2016,45290,71625,18850,1964,2409.1,1348,481.761
4/26/2016,46020,72587.5,19112.5,1964,2409.1,1348,481.761
4/27/2016,45750,72537.5,19037.5,1964,2409.1,1348,481.761
4/28/2016,44630,70287.5,19350,1964,2409.1,1348,481.761
4/29/2016,44930,70212.5,19512.5,1964,2409.1,1348,481.761
5/2/2016,45430,70712.5,19512.5,2030.2,2515.4,1333,467.799
5/3/2016,45730,71700,18912.5,2030.2,2515.4,1333,467.799
5/4/2016,46030,72462.5,18662.5,2030.2,2515.4,1333,467.799
5/5/2016,46770,73975,18587.5,2030.2,2515.4,1333,467.799
5/6/2016,46910,73667.5,18815,2030.2,2515.4,1333,467.799
5/9/2016,47450,75410,18412.5,2030.2,2515.4,1333,467.799
5/10/2016,47488,75137.5,19000,2030.2,2515.4,1333,467.799
5/11/2016,47276,74610,18840,2030.2,2515.4,1333,467.799
5/12/2016,46930,73625,19450,2030.2,2515.4,1333,467.799
5/13/2016,46770,73125,19537.5,2030.2,2515.4,1333,467.799
5/16/2016,47220,73862.5,19700,2030.2,2515.4,1333,467.799
5/17/2016,47340,74387.5,19850,2030.2,2515.4,1333,467.799
5/18/2016,47530,74675,19975,2030.2,2515.4,1333,467.799
5/19/2016,47110,74050,19500,2030.2,2515.4,1333,467.799
5/20/2016,46950,73962.5,19725,2030.2,2515.4,1333,467.799
5/23/2016,45750,71712.5,19887.5,2030.2,2515.4,1333,467.799
5/24/2016,45500,71050,19875,2030.2,2515.4,1333,467.799
5/25/2016,45560,71337.5,20237.5,2030.2,2515.4,1333,467.799
5/26/2016,46050,72700,20412.5,2030.2,2515.4,1333,467.799
5/27/2016,46400,73350,20637.5,2030.2,2515.4,1333,467.799
5/31/2016,46730,73550,20237.5,2030.2,2515.4,1333,467.799
6/1/2016,46770,73212.5,20687.5,2193,2706,1334,461.683
6/2/2016,46860,73200,20762.5,2193,2706,1334,461.683
6/3/2016,47040,73337.5,20912.5,2193,2706,1334,461.683
6/6/2016,46730,72762.5,21362.5,2193,2706,1334,461.683
6/7/2016,46500,72725,21387.5,2193,2706,1334,461.683
6/8/2016,47310,73687.5,21562.5,2193,2706,1334,461.683
6/9/2016,47290,73650,21325,2193,2706,1334,461.683
6/10/2016,46740,72775,21150,2193,2706,1334,461.683
6/13/2016,45580,70525,21500,2193,2706,1334,461.683
6/14/2016,46270,71075,21825,2193,2706,1334,461.683
6/15/2016,45770,70125,21450,2193,2706,1334,461.683
6/16/2016,45620,69812.5,21262.5,2193,2706,1334,461.683
6/17/2016,45430,68712.5,21887.5,2193,2706,1334,461.683
6/20/2016,44720,68337.5,21062.5,2193,2706,1334,461.683
6/21/2016,45010,69637.5,19812.5,2193,2706,1334,461.683
6/22/2016,45050,70087.5,19650,2193,2706,1334,461.683
6/23/2016,45760,71187.5,19362.5,2193,2706,1334,461.683
6/24/2016,44780,69725,19225,2193,2706,1334,461.683
6/27/2016,45290,70087.5,19262.5,2193,2706,1334,461.683
6/28/2016,45560,70337.5,19262.5,2193,2706,1334,461.683
6/29/2016,45750,71525,18637.5,2193,2706,1334,461.683
6/30/2016,45980,72150,17937.5,2193,2706,1334,461.683
7/1/2016,45510,71225,17650,2024.2,2474.9,1345,464.533
7/5/2016,45870,72037.5,17200,2024.2,2474.9,1345,464.533
7/6/2016,45590,72287.5,16787.5,2024.2,2474.9,1345,464.533
7/7/2016,45310,71812.5,16775,2024.2,2474.9,1345,464.533
7/8/2016,45510,71725,17540,2024.2,2474.9,1345,464.533
7/11/2016,44398,69725,17277.5,2024.2,2474.9,1345,464.533
7/12/2016,44364,69300,17562.5,2024.2,2474.9,1345,464.533
7/13/2016,44852,69637.5,18137.5,2024.2,2474.9,1345,464.533
7/14/2016,45290,70850,17887.5,2024.2,2474.9,1345,464.533
7/15/2016,44560,69787.5,17612.5,2024.2,2474.9,1345,464.533
7/18/2016,44830,70587.5,17850,2024.2,2474.9,1345,464.533
7/19/2016,44390,69950,17087.5,2024.2,2474.9,1345,464.533
7/20/2016,44030,69312.5,16875,2024.2,2474.9,1345,464.533
7/21/2016,42970,67200,16712.5,2024.2,2474.9,1345,464.533
7/22/2016,43730,68600,16750,2024.2,2474.9,1345,464.533
7/25/2016,44920,70850,16737.5,2024.2,2474.9,1345,464.533
7/26/2016,45270,71225,16625,2024.2,2474.9,1345,464.533
7/27/2016,45310,71137.5,16787.5,2024.2,2474.9,1345,464.533
7/28/2016,44800,70237.5,16562.5,2024.2,2474.9,1345,464.533
7/29/2016,44720,70025,16725,2024.2,2474.9,1345,464.533
8/1/2016,45580,72275,16287.5,2265.8,2750.6,1352,469.735
8/2/2016,45580,72737.5,16212.5,2265.8,2750.6,1352,469.735
8/3/2016,45930,73737.5,16250,2265.8,2750.6,1352,469.735
8/4/2016,45630,73787.5,16037.5,2265.8,2750.6,1352,469.735
8/5/2016,45980,74580,16212.5,2265.8,2750.6,1352,469.735
8/8/2016,46060,74177.5,16262.5,2265.8,2750.6,1352,469.735
8/9/2016,46260,74690,16112.5,2265.8,2750.6,1352,469.735
8/10/2016,46190,74372.5,16125,2265.8,2750.6,1352,469.735
8/11/2016,45860,73487.5,16050,2265.8,2750.6,1352,469.735
8/12/2016,45790,73775,16112.5,2265.8,2750.6,1352,469.735
8/15/2016,45940,73537.5,16325,2265.8,2750.6,1352,469.735
8/16/2016,45560,72787.5,16375,2265.8,2750.6,1352,469.735
8/17/2016,45410,72462.5,16512.5,2265.8,2750.6,1352,469.735
8/18/2016,44820,71575,16600,2265.8,2750.6,1352,469.735
8/19/2016,44740,71925,16712.5,2265.8,2750.6,1352,469.735
8/22/2016,44740,72212.5,16662.5,2265.8,2750.6,1352,469.735
8/23/2016,44450,71962.5,16425,2265.8,2750.6,1352,469.735
8/24/2016,43980,71500,16375,2265.8,2750.6,1352,469.735
8/25/2016,43910,70900,16175,2265.8,2750.6,1352,469.735
8/26/2016,43290,69962.5,15812.5,2265.8,2750.6,1352,469.735
8/29/2016,42940,69575,15587.5,2265.8,2750.6,1352,469.735
8/30/2016,43760,71262.5,15200,2265.8,2750.6,1352,469.735
8/31/2016,43420,70262.5,15075,2265.8,2750.6,1352,469.735
9/1/2016,42390,68650,15550,2181.5,2619.3,1370,476.593
9/2/2016,41700,67437.5,15825,2181.5,2619.3,1370,476.593
9/6/2016,41080,65250,15837.5,2181.5,2619.3,1370,476.593
9/7/2016,41800,66575,16050,2181.5,2619.3,1370,476.593
9/8/2016,41256,65490,16465,2181.5,2619.3,1370,476.593
9/9/2016,42020,66522.5,16720,2181.5,2619.3,1370,476.593
9/12/2016,42456,66675,16770,2181.5,2619.3,1370,476.593
9/13/2016,42062,65557.5,16392.5,2181.5,2619.3,1370,476.593
9/14/2016,42150,65062.5,16587.5,2181.5,2619.3,1370,476.593
9/15/2016,42400,65850,16500,2181.5,2619.3,1370,476.593
9/16/2016,42840,66475,16850,2181.5,2619.3,1370,476.593
9/19/2016,42900,65887.5,16862.5,2181.5,2619.3,1370,476.593
9/20/2016,42790,65562.5,17025,2181.5,2619.3,1370,476.593
9/21/2016,43150,66112.5,17000,2181.5,2619.3,1370,476.593
9/22/2016,42730,66150,16837.5,2181.5,2619.3,1370,476.593
9/23/2016,42590,66187.5,16825,2181.5,2619.3,1370,476.593
9/26/2016,42310,65525,16450,2181.5,2619.3,1370,476.593
9/27/2016,41350,63425,16587.5,2181.5,2619.3,1370,476.593
9/28/2016,41440,64012.5,16462.5,2181.5,2619.3,1370,476.593
9/29/2016,41120,63750,16462.5,2181.5,2619.3,1370,476.593
9/30/2016,40120,61575,16837.5,2181.5,2619.3,1370,476.593
10/3/2016,40100,61987.5,17300,2211.2,2637.7,1381,519.022
10/4/2016,41160,64000,17412.5,2211.2,2637.7,1381,519.022
10/5/2016,41220,63725,17387.5,2211.2,2637.7,1381,519.022
10/6/2016,41180,63912.5,17025,2211.2,2637.7,1381,519.022
10/7/2016,41230,63327.5,16987.5,2211.2,2637.7,1381,519.022
10/10/2016,40250,61400,17162.5,2211.2,2637.7,1381,519.022
10/11/2016,40150,60697.5,17275,2211.2,2637.7,1381,519.022
10/12/2016,39710,59310,16850,2211.2,2637.7,1381,519.022
10/13/2016,38940,57412.5,17475,2211.2,2637.7,1381,519.022
10/14/2016,39510,57825,17712.5,2211.2,2637.7,1381,519.022
10/17/2016,39950,58612.5,17700,2211.2,2637.7,1381,519.022
10/18/2016,40050,59012.5,17687.5,2211.2,2637.7,1381,519.022
10/19/2016,39330,57412.5,17875,2211.2,2637.7,1381,519.022
10/20/2016,40290,59425,17550,2211.2,2637.7,1381,519.022
10/21/2016,40830,59850,17625,2211.2,2637.7,1381,519.022
10/24/2016,41530,61262.5,17412.5,2211.2,2637.7,1381,519.022
10/25/2016,41480,61325,17462.5,2211.2,2637.7,1381,519.022
10/26/2016,41840,61962.5,17700,2211.2,2637.7,1381,519.022
10/27/2016,41970,61937.5,17875,2211.2,2637.7,1381,519.022
10/28/2016,41700,60775,17750,2211.2,2637.7,1381,519.022
10/31/2016,41510,60925,17737.5,2211.2,2637.7,1381,519.022
11/1/2016,42300,63087.5,17450,2240.2,2669,1384,533.068
11/2/2016,42450,63287.5,17312.5,2240.2,2669,1384,533.068
11/3/2016,42040,62925,17400,2240.2,2669,1384,533.068
11/4/2016,41740,62812.5,17437.5,2240.2,2669,1384,533.068
11/7/2016,40676,61255,17312.5,2240.2,2669,1384,533.068
11/8/2016,40612,61165,17712.5,2240.2,2669,1384,533.068
11/9/2016,40018,60827.5,17037.5,2240.2,2669,1384,533.068
11/10/2016,39560,60650,17175,2240.2,2669,1384,533.068
11/11/2016,39160,60512.5,17012.5,2240.2,2669,1384,533.068
11/14/2016,39230,61162.5,16862.5,2240.2,2669,1384,533.068
11/15/2016,39530,61512.5,17075,2240.2,2669,1384,533.068
11/16/2016,40130,62662.5,16925,2240.2,2669,1384,533.068
11/17/2016,40280,62462.5,17100,2240.2,2669,1384,533.068
11/18/2016,40150,62487.5,17275,2240.2,2669,1384,533.068
11/21/2016,40310,62087.5,17487.5,2240.2,2669,1384,533.068
11/22/2016,40400,62025,17550,2240.2,2669,1384,533.068
11/23/2016,40560,62450,17537.5,2240.2,2669,1384,533.068
11/25/2016,40830,63612.5,17462.5,2240.2,2669,1384,533.068
11/28/2016,40740,63400,17425,2240.2,2669,1384,533.068
11/29/2016,40640,63487.5,16837.5,2240.2,2669,1384,533.068
11/30/2016,41160,64212.5,16837.5,2240.2,2669,1384,533.068
12/1/2016,40960,63887.5,16587.5,2173.3,2612,1381,530.953
12/2/2016,40310,62300,16875,2173.3,2612,1381,530.953
12/5/2016,40220,62162.5,17475,2173.3,2612,1381,530.953
12/6/2016,40800,63425,17550,2173.3,2612,1381,530.953
12/7/2016,40860,63487.5,17600,2173.3,2612,1381,530.953
12/8/2016,40600,63300,17465,2173.3,2612,1381,530.953
12/9/2016,40560,62975,17835,2173.3,2612,1381,530.953
12/12/2016,41120,64275,17965,2173.3,2612,1381,530.953
12/13/2016,41510,64487.5,18050,2173.3,2612,1381,530.953
12/14/2016,41270,63850,18100,2173.3,2612,1381,530.953
12/15/2016,41260,63850,17825,2173.3,2612,1381,530.953
12/16/2016,41700,64950,17812.5,2173.3,2612,1381,530.953
12/19/2016,41870,65437.5,17662.5,2173.3,2612,1381,530.953
12/20/2016,41720,65000,17512.5,2173.3,2612,1381,530.953
12/21/2016,41860,65112.5,17362.5,2173.3,2612,1381,530.953
12/22/2016,42090,65562.5,17362.5,2173.3,2612,1381,530.953
12/23/2016,42050,65362.5,17287.5,2173.3,2612,1381,530.953
12/27/2016,41850,64975,17750,2173.3,2612,1381,530.953
12/28/2016,42050,65862.5,17412.5,2173.3,2612,1381,530.953
12/29/2016,42140,65962.5,17487.5,2173.3,2612,1381,530.953
12/30/2016,41870,65225,17600,2173.3,2612,1381,530.953
1/3/2017,41660,65100,17787.5,2118.3,2575.8,1370,567.888
1/4/2017,41720,64250,17987.5,2118.3,2575.8,1370,567.888
1/5/2017,41580,64125,18062.5,2118.3,2575.8,1370,567.888
1/6/2017,41590,64162.5,17900,2118.3,2575.8,1370,567.888
1/9/2017,41788,64260,18000,2118.3,2575.8,1370,567.888
1/10/2017,42416,65810,17912.5,2118.3,2575.8,1370,567.888
1/11/2017,42012,65297.5,17862.5,2118.3,2575.8,1370,567.888
1/12/2017,41354,64132.5,17912.5,2118.3,2575.8,1370,567.888
1/13/2017,41470,64650,17925,2118.3,2575.8,1370,567.888
1/17/2017,41670,65025,18275,2118.3,2575.8,1370,567.888
1/18/2017,41730,64775,18250,2118.3,2575.8,1370,567.888
1/19/2017,41880,65075,18312.5,2118.3,2575.8,1370,567.888
1/20/2017,41760,65637.5,18487.5,2118.3,2575.8,1370,567.888
1/23/2017,41690,65337.5,18475,2118.3,2575.8,1370,567.888
1/24/2017,41640,65087.5,18162.5,2118.3,2575.8,1370,567.888
1/25/2017,41590,64925,18312.5,2118.3,2575.8,1370,567.888
1/26/2017,41180,63550,18187.5,2118.3,2575.8,1370,567.888
1/27/2017,41020,63725,18125,2118.3,2575.8,1370,567.888
1/30/2017,40130,61950,17887.5,2118.3,2575.8,1370,567.888
1/31/2017,39990,61387.5,17987.5,2118.3,2575.8,1370,567.888
